scientific_name;Countries;Countries
Acinonyx jubatus;India;43
Acinonyx jubatus;Iran;35
Acinonyx jubatus;Namibia;5
Acinonyx jubatus;South Africa;5
Acinonyx jubatus;China;4
Acinonyx jubatus;Ethiopia;3
Acinonyx jubatus;Nepal;3
Acinonyx jubatus;Russia;3
Acinonyx jubatus;Algeria;2
Acinonyx jubatus;Egypt;2
Acinonyx jubatus;Gabon;2
Acinonyx jubatus;Madagascar;2
Acinonyx jubatus;Uganda;2
Acinonyx jubatus;Afghanistan;1
Acinonyx jubatus;France;1
Acinonyx jubatus;Georgia;1
Acinonyx jubatus;Iraq;1
Acinonyx jubatus;Israel;1
Acinonyx jubatus;Jordan;1
Acinonyx jubatus;Kazakhstan;1
Acinonyx jubatus;Kuwait;1
Acinonyx jubatus;Mali;1
Acinonyx jubatus;Netherlands;1
Acinonyx jubatus;Oman;1
Acinonyx jubatus;Pakistan;1
Acinonyx jubatus;Rwanda;1
Acinonyx jubatus;Switzerland;1
Acinonyx jubatus;Syria;1
Acinonyx jubatus;Thailand;1
Acinonyx jubatus;Turkey;1
Acinonyx jubatus;Turkmenistan;1
Acinonyx jubatus;United States;1
Acinonyx jubatus;Uzbekistan;1
Ailuropoda melanoleuca;China;90
Ailuropoda melanoleuca;Australia;17
Ailuropoda melanoleuca;India;4
Ailuropoda melanoleuca;Hong Kong;3
Ailuropoda melanoleuca;Myanmar;3
Ailuropoda melanoleuca;Bhutan;2
Ailuropoda melanoleuca;Japan;2
Ailuropoda melanoleuca;Nepal;2
Ailuropoda melanoleuca;Austria;1
Ailuropoda melanoleuca;Brazil;1
Ailuropoda melanoleuca;Canada;1
Ailuropoda melanoleuca;Laos;1
Ailuropoda melanoleuca;Luxembourg;1
Ailuropoda melanoleuca;Netherlands;1
Ailuropoda melanoleuca;Russia;1
Ailuropoda melanoleuca;Senegal;1
Ailuropoda melanoleuca;South Korea;1
Ailuropoda melanoleuca;Vietnam;1
Anoxypristis cuspidata;Australia;32
Anoxypristis cuspidata;Costa Rica;23
Anoxypristis cuspidata;Bangladesh;17
Anoxypristis cuspidata;India;12
Anoxypristis cuspidata;China;6
Anoxypristis cuspidata;Nicaragua;6
Anoxypristis cuspidata;Canada;5
Anoxypristis cuspidata;New Caledonia;5
Anoxypristis cuspidata;Papua New Guinea;5
Anoxypristis cuspidata;Indonesia;4
Anoxypristis cuspidata;Malaysia;4
Anoxypristis cuspidata;Spain;4
Anoxypristis cuspidata;Guatemala;3
Anoxypristis cuspidata;Mexico;3
Anoxypristis cuspidata;Morocco;3
Anoxypristis cuspidata;Brazil;2
Anoxypristis cuspidata;El Salvador;2
Anoxypristis cuspidata;Greenland;2
Anoxypristis cuspidata;Honduras;2
Anoxypristis cuspidata;Sudan;2
Anoxypristis cuspidata;Angola;1
Anoxypristis cuspidata;Bahamas;1
Anoxypristis cuspidata;Colombia;1
Anoxypristis cuspidata;Madagascar;1
Anoxypristis cuspidata;Mauritania;1
Anoxypristis cuspidata;Mozambique;1
Anoxypristis cuspidata;Pakistan;1
Anoxypristis cuspidata;Peru;1
Anoxypristis cuspidata;Switzerland;1
Anoxypristis cuspidata;Taiwan;1
Anoxypristis cuspidata;Thailand;1
Anoxypristis cuspidata;United States;1
Anoxypristis cuspidata;Venezuela;1
Balaena mysticetus;Greenland;9
Balaena mysticetus;Canada;6
Balaena mysticetus;Russia;5
Balaena mysticetus;Australia;3
Balaena mysticetus;China;1
Balaena mysticetus;Finland;1
Balaena mysticetus;Mexico;1
Balaena mysticetus;New Zealand;1
Balaenoptera acutorostrata;Japan;44
Balaenoptera acutorostrata;Iceland;33
Balaenoptera acutorostrata;Australia;17
Balaenoptera acutorostrata;India;12
Balaenoptera acutorostrata;Norway;8
Balaenoptera acutorostrata;Brazil;5
Balaenoptera acutorostrata;Colombia;4
Balaenoptera acutorostrata;Tonga;4
Balaenoptera acutorostrata;Canada;2
Balaenoptera acutorostrata;Denmark;2
Balaenoptera acutorostrata;Mexico;2
Balaenoptera acutorostrata;Philippines;2
Balaenoptera acutorostrata;Bangladesh;1
Balaenoptera acutorostrata;Chile;1
Balaenoptera acutorostrata;Faroe Islands;1
Balaenoptera acutorostrata;Indonesia;1
Balaenoptera acutorostrata;Myanmar;1
Balaenoptera acutorostrata;New Zealand;1
Balaenoptera bonaerensis;Japan;23
Balaenoptera bonaerensis;Australia;12
Balaenoptera bonaerensis;Brazil;2
Balaenoptera bonaerensis;Norway;2
Balaenoptera bonaerensis;Chile;1
Balaenoptera bonaerensis;France;1
Balaenoptera bonaerensis;Germany;1
Balaenoptera bonaerensis;Iceland;1
Balaenoptera borealis;Japan;65
Balaenoptera borealis;China;12
Balaenoptera borealis;Thailand;9
Balaenoptera borealis;Hong Kong;8
Balaenoptera borealis;Belgium;6
Balaenoptera borealis;South Korea;6
Balaenoptera borealis;Colombia;5
Balaenoptera borealis;Italy;5
Balaenoptera borealis;Brazil;4
Balaenoptera borealis;India;4
Balaenoptera borealis;Indonesia;4
Balaenoptera borealis;Poland;4
Balaenoptera borealis;Germany;3
Balaenoptera borealis;Kenya;3
Balaenoptera borealis;Portugal;3
Balaenoptera borealis;Afghanistan;2
Balaenoptera borealis;France;2
Balaenoptera borealis;Guinea;2
Balaenoptera borealis;Lebanon;2
Balaenoptera borealis;Malaysia;2
Balaenoptera borealis;Niger;2
Balaenoptera borealis;Norfolk Island;2
Balaenoptera borealis;Russia;2
Balaenoptera borealis;Switzerland;2
Balaenoptera borealis;United States;2
Balaenoptera borealis;Vatican;2
Balaenoptera borealis;Botswana;1
Balaenoptera borealis;Canada;1
Balaenoptera borealis;Iceland;1
Balaenoptera borealis;Israel;1
Balaenoptera borealis;Jersey;1
Balaenoptera borealis;Kuwait;1
Balaenoptera borealis;Mexico;1
Balaenoptera borealis;Norway;1
Balaenoptera borealis;Peru;1
Balaenoptera borealis;Senegal;1
Balaenoptera borealis;South Africa;1
Balaenoptera edeni;Japan;19
Balaenoptera edeni;Thailand;7
Balaenoptera edeni;Bangladesh;3
Balaenoptera edeni;India;3
Balaenoptera edeni;Oman;3
Balaenoptera edeni;Maldives;2
Balaenoptera edeni;China;1
Balaenoptera edeni;Madagascar;1
Balaenoptera edeni;Mexico;1
Balaenoptera edeni;Philippines;1
Balaenoptera edeni;South Korea;1
Balaenoptera musculus;New Zealand;7
Balaenoptera musculus;Chile;6
Balaenoptera musculus;Canada;5
Balaenoptera musculus;Australia;3
Balaenoptera musculus;China;3
Balaenoptera musculus;France;3
Balaenoptera musculus;Russia;3
Balaenoptera musculus;Spain;3
Balaenoptera musculus;Italy;2
Balaenoptera musculus;Mexico;2
Balaenoptera musculus;Costa Rica;1
Balaenoptera musculus;Germany;1
Balaenoptera musculus;Greece;1
Balaenoptera musculus;Kazakhstan;1
Balaenoptera musculus;Netherlands;1
Balaenoptera musculus;South Africa;1
Balaenoptera omurai;Thailand;58
Balaenoptera omurai;Indonesia;9
Balaenoptera omurai;New Zealand;6
Balaenoptera omurai;Australia;4
Balaenoptera omurai;China;4
Balaenoptera omurai;Singapore;4
Balaenoptera omurai;Philippines;3
Balaenoptera omurai;Cambodia;2
Balaenoptera omurai;Ecuador;2
Balaenoptera omurai;Honduras;2
Balaenoptera omurai;Laos;2
Balaenoptera omurai;Madagascar;2
Balaenoptera omurai;Myanmar;2
Balaenoptera omurai;South Africa;2
Balaenoptera omurai;Bhutan;1
Balaenoptera omurai;Brazil;1
Balaenoptera omurai;France;1
Balaenoptera omurai;Gabon;1
Balaenoptera omurai;India;1
Balaenoptera omurai;Mexico;1
Balaenoptera omurai;Solomon Islands;1
Balaenoptera physalus;Iceland;30
Balaenoptera physalus;Japan;26
Balaenoptera physalus;Norway;9
Balaenoptera physalus;France;8
Balaenoptera physalus;New Zealand;8
Balaenoptera physalus;Australia;6
Balaenoptera physalus;China;4
Balaenoptera physalus;Germany;4
Balaenoptera physalus;Spain;3
Balaenoptera physalus;Belgium;2
Balaenoptera physalus;Georgia;2
Balaenoptera physalus;India;2
Balaenoptera physalus;Italy;2
Balaenoptera physalus;Mexico;2
Balaenoptera physalus;Peru;2
Balaenoptera physalus;Senegal;2
Balaenoptera physalus;Serbia;2
Balaenoptera physalus;South Africa;2
Balaenoptera physalus;Thailand;2
Balaenoptera physalus;Argentina;1
Balaenoptera physalus;Cambodia;1
Balaenoptera physalus;Canada;1
Balaenoptera physalus;Denmark;1
Balaenoptera physalus;Greece;1
Balaenoptera physalus;Israel;1
Balaenoptera physalus;Monaco;1
Balaenoptera physalus;Turkey;1
Berardius arnuxii;New Zealand;3
Berardius arnuxii;Japan;2
Berardius arnuxii;Australia;1
Berardius arnuxii;Poland;1
Berardius bairdii;Japan;86
Berardius bairdii;Australia;11
Berardius bairdii;India;5
Berardius bairdii;China;4
Berardius bairdii;Colombia;4
Berardius bairdii;Mexico;4
Berardius bairdii;Costa Rica;2
Berardius bairdii;France;2
Berardius bairdii;Iceland;2
Berardius bairdii;Malaysia;2
Berardius bairdii;New Zealand;2
Berardius bairdii;Norway;2
Berardius bairdii;Russia;2
Berardius bairdii;Argentina;1
Berardius bairdii;Bangladesh;1
Berardius bairdii;Brazil;1
Berardius bairdii;Cambodia;1
Berardius bairdii;Canada;1
Berardius bairdii;Guyana;1
Berardius bairdii;Indonesia;1
Berardius bairdii;Laos;1
Berardius bairdii;Madagascar;1
Berardius bairdii;Myanmar;1
Berardius bairdii;Nepal;1
Berardius bairdii;Netherlands;1
Berardius bairdii;Pakistan;1
Berardius bairdii;Papua New Guinea;1
Berardius bairdii;Philippines;1
Berardius bairdii;Thailand;1
Berardius bairdii;Uzbekistan;1
Berardius bairdii;Vietnam;1
Canis lupus;Mexico;23
Canis lupus;Canada;17
Canis lupus;Singapore;15
Canis lupus;France;14
Canis lupus;Australia;13
Canis lupus;India;12
Canis lupus;Italy;10
Canis lupus;China;9
Canis lupus;Colombia;8
Canis lupus;Bangladesh;6
Canis lupus;United States;5
Canis lupus;Brazil;4
Canis lupus;Guatemala;4
Canis lupus;Poland;4
Canis lupus;Spain;4
Canis lupus;Greenland;3
Canis lupus;Indonesia;3
Canis lupus;Japan;3
Canis lupus;Kenya;3
Canis lupus;Lebanon;3
Canis lupus;Thailand;3
Canis lupus;Belgium;2
Canis lupus;Denmark;2
Canis lupus;Egypt;2
Canis lupus;Estonia;2
Canis lupus;Germany;2
Canis lupus;Ireland;2
Canis lupus;Israel;2
Canis lupus;Latvia;2
Canis lupus;Malaysia;2
Canis lupus;New Zealand;2
Canis lupus;Nigeria;2
Canis lupus;Norfolk Island;2
Canis lupus;Norway;2
Canis lupus;Philippines;2
Canis lupus;South Korea;2
Canis lupus;Vatican;2
Canis lupus;Cameroon;1
Canis lupus;Georgia;1
Canis lupus;Iceland;1
Canis lupus;Madagascar;1
Canis lupus;Nepal;1
Canis lupus;Vietnam;1
Caperea marginata;Australia;7
Caperea marginata;New Zealand;6
Caperea marginata;Japan;4
Caperea marginata;Italy;3
Caperea marginata;Argentina;1
Caperea marginata;Belize;1
Caperea marginata;Cyprus;1
Caperea marginata;Iceland;1
Caperea marginata;India;1
Caperea marginata;Indonesia;1
Caperea marginata;Norway;1
Caperea marginata;Papua New Guinea;1
Caperea marginata;Peru;1
Ceratotherium simum;Sudan;84
Ceratotherium simum;Kenya;73
Ceratotherium simum;South Africa;36
Ceratotherium simum;Botswana;10
Ceratotherium simum;Italy;10
Ceratotherium simum;China;9
Ceratotherium simum;Germany;9
Ceratotherium simum;Uganda;7
Ceratotherium simum;Vietnam;7
Ceratotherium simum;Indonesia;6
Ceratotherium simum;Namibia;6
Ceratotherium simum;Australia;4
Ceratotherium simum;Chad;4
Ceratotherium simum;India;4
Ceratotherium simum;Ireland;4
Ceratotherium simum;Zimbabwe;4
Ceratotherium simum;Nepal;3
Ceratotherium simum;Tanzania;3
Ceratotherium simum;Colombia;2
Ceratotherium simum;Czech Republic;2
Ceratotherium simum;Israel;2
Ceratotherium simum;Japan;2
Ceratotherium simum;Seychelles;2
Ceratotherium simum;South Korea;2
Ceratotherium simum;Thailand;2
Ceratotherium simum;Zambia;2
Ceratotherium simum;Argentina;1
Ceratotherium simum;Belgium;1
Ceratotherium simum;Cambodia;1
Ceratotherium simum;Canada;1
Ceratotherium simum;Central African Republic;1
Ceratotherium simum;Democratic Republic of the Congo;1
Ceratotherium simum;France;1
Ceratotherium simum;Malawi;1
Ceratotherium simum;Malaysia;1
Ceratotherium simum;Mexico;1
Ceratotherium simum;Mozambique;1
Ceratotherium simum;Rwanda;1
Ceratotherium simum;Singapore;1
Ceratotherium simum;Swaziland;1
Ceratotherium simum;Switzerland;1
Ceratotherium simum;Yemen;1
Ceratotherium simum simum;Sudan;50
Ceratotherium simum simum;Kenya;17
Ceratotherium simum simum;South Africa;16
Ceratotherium simum simum;Namibia;9
Ceratotherium simum simum;China;6
Ceratotherium simum simum;Vietnam;6
Ceratotherium simum simum;Uganda;4
Ceratotherium simum simum;Chad;3
Ceratotherium simum simum;Malaysia;3
Ceratotherium simum simum;Colombia;2
Ceratotherium simum simum;Canada;1
Ceratotherium simum simum;Democratic Republic of the Congo;1
Ceratotherium simum simum;France;1
Ceratotherium simum simum;India;1
Ceratotherium simum simum;Italy;1
Ceratotherium simum simum;Japan;1
Ceratotherium simum simum;Madagascar;1
Ceratotherium simum simum;Mozambique;1
Ceratotherium simum simum;Nepal;1
Ceratotherium simum simum;Singapore;1
Ceratotherium simum simum;South Sudan;1
Ceratotherium simum simum;Swaziland;1
Ceratotherium simum simum;Yemen;1
Ceratotherium simum simum;Zimbabwe;1
Crocodylus acutus;Cuba;20
Crocodylus acutus;Costa Rica;6
Crocodylus acutus;Jamaica;5
Crocodylus acutus;Australia;3
Crocodylus acutus;Argentina;2
Crocodylus acutus;South Africa;2
Crocodylus acutus;Sweden;2
Crocodylus acutus;Finland;1
Crocodylus acutus;Indonesia;1
Crocodylus acutus;Madagascar;1
Crocodylus acutus;Panama;1
Crocodylus acutus;Turkey;1
Crocodylus cataphractus;Ghana;19
Crocodylus cataphractus;Liberia;5
Crocodylus cataphractus;Cameroon;3
Crocodylus cataphractus;Ivory Coast;2
Crocodylus cataphractus;Nigeria;2
Crocodylus cataphractus;El Salvador;1
Crocodylus cataphractus;Gambia;1
Crocodylus cataphractus;India;1
Crocodylus cataphractus;Ireland;1
Crocodylus cataphractus;Senegal;1
Crocodylus cataphractus;Tanzania;1
Crocodylus cataphractus;Tunisia;1
Crocodylus cataphractus;Uganda;1
Crocodylus cataphractus;United States;1
Crocodylus intermedius;Colombia;18
Crocodylus intermedius;Ecuador;9
Crocodylus intermedius;Venezuela;9
Crocodylus intermedius;Brazil;6
Crocodylus intermedius;Peru;6
Crocodylus intermedius;Canada;2
Crocodylus intermedius;Macedonia;2
Crocodylus intermedius;Czech Republic;1
Crocodylus intermedius;India;1
Crocodylus intermedius;Panama;1
Crocodylus mindorensis;Philippines;77
Crocodylus mindorensis;Indonesia;12
Crocodylus mindorensis;China;11
Crocodylus mindorensis;Malaysia;9
Crocodylus mindorensis;Mexico;7
Crocodylus mindorensis;Vietnam;7
Crocodylus mindorensis;India;6
Crocodylus mindorensis;Russia;6
Crocodylus mindorensis;Australia;5
Crocodylus mindorensis;Cambodia;4
Crocodylus mindorensis;Laos;4
Crocodylus mindorensis;Switzerland;4
Crocodylus mindorensis;Thailand;4
Crocodylus mindorensis;Sudan;3
Crocodylus mindorensis;Brazil;2
Crocodylus mindorensis;Cameroon;2
Crocodylus mindorensis;Czech Republic;2
Crocodylus mindorensis;Kenya;2
Crocodylus mindorensis;New Zealand;2
Crocodylus mindorensis;Nigeria;2
Crocodylus mindorensis;Sri Lanka;2
Crocodylus mindorensis;Bhutan;1
Crocodylus mindorensis;Canada;1
Crocodylus mindorensis;Colombia;1
Crocodylus mindorensis;Guatemala;1
Crocodylus mindorensis;Japan;1
Crocodylus mindorensis;Madagascar;1
Crocodylus mindorensis;Micronesia;1
Crocodylus mindorensis;Nepal;1
Crocodylus mindorensis;New Caledonia;1
Crocodylus mindorensis;Norway;1
Crocodylus mindorensis;South Korea;1
Crocodylus mindorensis;Tanzania;1
Crocodylus mindorensis;Uganda;1
Crocodylus mindorensis;Ukraine;1
Crocodylus moreletii;Mexico;30
Crocodylus moreletii;Guatemala;17
Crocodylus moreletii;Belize;14
Crocodylus moreletii;Australia;7
Crocodylus moreletii;Hong Kong;6
Crocodylus moreletii;Canada;4
Crocodylus moreletii;Montenegro;3
Crocodylus moreletii;Micronesia;2
Crocodylus moreletii;Russia;2
Crocodylus moreletii;Bolivia;1
Crocodylus moreletii;China;1
Crocodylus moreletii;El Salvador;1
Crocodylus moreletii;France;1
Crocodylus moreletii;Indonesia;1
Crocodylus moreletii;Japan;1
Crocodylus moreletii;Kenya;1
Crocodylus moreletii;Mongolia;1
Crocodylus moreletii;Philippines;1
Crocodylus moreletii;Tanzania;1
Crocodylus moreletii;Thailand;1
Crocodylus niloticus;China;47
Crocodylus niloticus;South Africa;21
Crocodylus niloticus;Kenya;14
Crocodylus niloticus;Ethiopia;11
Crocodylus niloticus;Zimbabwe;11
Crocodylus niloticus;Egypt;7
Crocodylus niloticus;Botswana;5
Crocodylus niloticus;Brazil;5
Crocodylus niloticus;Ghana;5
Crocodylus niloticus;Indonesia;5
Crocodylus niloticus;Malawi;5
Crocodylus niloticus;Sudan;5
Crocodylus niloticus;Uganda;5
Crocodylus niloticus;Australia;4
Crocodylus niloticus;France;4
Crocodylus niloticus;Namibia;4
Crocodylus niloticus;Norway;4
Crocodylus niloticus;Hong Kong;3
Crocodylus niloticus;Laos;3
Crocodylus niloticus;Morocco;3
Crocodylus niloticus;Taiwan;3
Crocodylus niloticus;Zambia;3
Crocodylus niloticus;Burkina Faso;2
Crocodylus niloticus;Gabon;2
Crocodylus niloticus;India;2
Crocodylus niloticus;Rwanda;2
Crocodylus niloticus;Spain;2
Crocodylus niloticus;Togo;2
Crocodylus niloticus;Angola;1
Crocodylus niloticus;Benin;1
Crocodylus niloticus;Burundi;1
Crocodylus niloticus;Canada;1
Crocodylus niloticus;Comoros;1
Crocodylus niloticus;Equatorial Guinea;1
Crocodylus niloticus;Germany;1
Crocodylus niloticus;Japan;1
Crocodylus niloticus;Kuwait;1
Crocodylus niloticus;Madagascar;1
Crocodylus niloticus;Mali;1
Crocodylus niloticus;Mozambique;1
Crocodylus niloticus;Niger;1
Crocodylus niloticus;Saudi Arabia;1
Crocodylus niloticus;Senegal;1
Crocodylus niloticus;Singapore;1
Crocodylus niloticus;Somalia;1
Crocodylus niloticus;South Korea;1
Crocodylus niloticus;Syria;1
Crocodylus niloticus;Tanzania;1
Crocodylus niloticus;Thailand;1
Crocodylus niloticus;Turkey;1
Crocodylus palustris;India;56
Crocodylus palustris;Iran;28
Crocodylus palustris;Pakistan;14
Crocodylus palustris;Sri Lanka;12
Crocodylus palustris;Bangladesh;9
Crocodylus palustris;Myanmar;9
Crocodylus palustris;Bhutan;4
Crocodylus palustris;Australia;3
Crocodylus palustris;Nepal;2
Crocodylus palustris;Cuba;1
Crocodylus palustris;Philippines;1
Crocodylus palustris;Seychelles;1
Crocodylus palustris;Singapore;1
Crocodylus porosus;Australia;52
Crocodylus porosus;Singapore;18
Crocodylus porosus;India;13
Crocodylus porosus;Bangladesh;9
Crocodylus porosus;Malaysia;7
Crocodylus porosus;Philippines;5
Crocodylus porosus;Indonesia;3
Crocodylus porosus;Papua New Guinea;2
Crocodylus porosus;New Zealand;1
Crocodylus rhombifer;Cuba;50
Crocodylus rhombifer;India;7
Crocodylus rhombifer;Bahamas;6
Crocodylus rhombifer;Belgium;6
Crocodylus rhombifer;China;6
Crocodylus rhombifer;Colombia;4
Crocodylus rhombifer;Italy;4
Crocodylus rhombifer;Poland;4
Crocodylus rhombifer;Spain;4
Crocodylus rhombifer;Indonesia;3
Crocodylus rhombifer;Brazil;2
Crocodylus rhombifer;France;2
Crocodylus rhombifer;Japan;2
Crocodylus rhombifer;Kenya;2
Crocodylus rhombifer;Kuwait;2
Crocodylus rhombifer;Lebanon;2
Crocodylus rhombifer;Malaysia;2
Crocodylus rhombifer;Mexico;2
Crocodylus rhombifer;Norfolk Island;2
Crocodylus rhombifer;South Korea;2
Crocodylus rhombifer;Thailand;2
Crocodylus rhombifer;Vatican;2
Crocodylus rhombifer;Australia;1
Crocodylus rhombifer;Guam;1
Crocodylus rhombifer;New Zealand;1
Crocodylus rhombifer;Panama;1
Crocodylus rhombifer;Sri Lanka;1
Crocodylus rhombifer;United States;1
Crocodylus siamensis;Cambodia;58
Crocodylus siamensis;Indonesia;24
Crocodylus siamensis;Thailand;14
Crocodylus siamensis;Vietnam;13
Crocodylus siamensis;China;12
Crocodylus siamensis;Laos;9
Crocodylus siamensis;Malaysia;7
Crocodylus siamensis;Myanmar;4
Crocodylus siamensis;Hong Kong;3
Crocodylus siamensis;Australia;2
Crocodylus siamensis;France;2
Crocodylus siamensis;India;2
Crocodylus siamensis;Singapore;2
Crocodylus siamensis;Colombia;1
Crocodylus siamensis;Denmark;1
Crocodylus siamensis;Finland;1
Crocodylus siamensis;Germany;1
Crocodylus siamensis;Italy;1
Crocodylus siamensis;Mexico;1
Crocodylus siamensis;Sudan;1
Crocodylus siamensis;Switzerland;1
Crocodylus siamensis;Zimbabwe;1
Dicerorhinus sumatrensis;Indonesia;127
Dicerorhinus sumatrensis;Malaysia;91
Dicerorhinus sumatrensis;South Africa;11
Dicerorhinus sumatrensis;Singapore;10
Dicerorhinus sumatrensis;India;9
Dicerorhinus sumatrensis;Myanmar;8
Dicerorhinus sumatrensis;Vietnam;6
Dicerorhinus sumatrensis;Bhutan;4
Dicerorhinus sumatrensis;Thailand;4
Dicerorhinus sumatrensis;Germany;3
Dicerorhinus sumatrensis;Bangladesh;2
Dicerorhinus sumatrensis;Cambodia;2
Dicerorhinus sumatrensis;China;2
Dicerorhinus sumatrensis;Namibia;2
Dicerorhinus sumatrensis;Nepal;2
Dicerorhinus sumatrensis;Poland;2
Dicerorhinus sumatrensis;Afghanistan;1
Dicerorhinus sumatrensis;Australia;1
Dicerorhinus sumatrensis;Brunei;1
Dicerorhinus sumatrensis;France;1
Dicerorhinus sumatrensis;Guam;1
Dicerorhinus sumatrensis;Haiti;1
Dicerorhinus sumatrensis;Iran;1
Dicerorhinus sumatrensis;Italy;1
Dicerorhinus sumatrensis;Kenya;1
Dicerorhinus sumatrensis;Laos;1
Dicerorhinus sumatrensis;New Zealand;1
Dicerorhinus sumatrensis;Rwanda;1
Dicerorhinus sumatrensis;Slovenia;1
Dicerorhinus sumatrensis;Sudan;1
Dicerorhinus sumatrensis;Zambia;1
Diceros bicornis;South Africa;16
Diceros bicornis;Kenya;13
Diceros bicornis;Tanzania;13
Diceros bicornis;Rwanda;10
Diceros bicornis;Malawi;8
Diceros bicornis;China;7
Diceros bicornis;Namibia;7
Diceros bicornis;Vietnam;7
Diceros bicornis;Zimbabwe;7
Diceros bicornis;Chad;4
Diceros bicornis;Iraq;4
Diceros bicornis;France;3
Diceros bicornis;Botswana;2
Diceros bicornis;Afghanistan;1
Diceros bicornis;Australia;1
Diceros bicornis;Denmark;1
Diceros bicornis;Guinea;1
Diceros bicornis;Hong Kong;1
Diceros bicornis;India;1
Diceros bicornis;Japan;1
Diceros bicornis;Liberia;1
Diceros bicornis;Russia;1
Diceros bicornis;Seychelles;1
Diceros bicornis;Singapore;1
Diceros bicornis;Taiwan;1
Diceros bicornis;Uganda;1
Diceros bicornis;Zambia;1
Elephas maximus;India;100
Elephas maximus;China;58
Elephas maximus;Thailand;58
Elephas maximus;Laos;48
Elephas maximus;Myanmar;26
Elephas maximus;Cambodia;18
Elephas maximus;Sri Lanka;11
Elephas maximus;Pakistan;10
Elephas maximus;Nepal;8
Elephas maximus;Bhutan;7
Elephas maximus;Bangladesh;6
Elephas maximus;Belgium;4
Elephas maximus;Botswana;4
Elephas maximus;Malaysia;3
Elephas maximus;Argentina;2
Elephas maximus;Brazil;2
Elephas maximus;Indonesia;2
Elephas maximus;Kenya;2
Elephas maximus;Netherlands;2
Elephas maximus;South Africa;2
Elephas maximus;Uganda;2
Elephas maximus;Australia;1
Elephas maximus;Canada;1
Elephas maximus;Colombia;1
Elephas maximus;Germany;1
Elephas maximus;Hungary;1
Elephas maximus;Ireland;1
Elephas maximus;Japan;1
Elephas maximus;Mongolia;1
Elephas maximus;Namibia;1
Elephas maximus;Russia;1
Elephas maximus;Singapore;1
Elephas maximus;Sweden;1
Elephas maximus;Taiwan;1
Elephas maximus;Tanzania;1
Elephas maximus;Turkey;1
Elephas maximus;Vietnam;1
Elephas maximus;Zimbabwe;1
Equus grevyi;Kenya;104
Equus grevyi;Ethiopia;23
Equus grevyi;South Africa;8
Equus grevyi;Bangladesh;4
Equus grevyi;Somalia;4
Equus grevyi;Tanzania;4
Equus grevyi;Angola;3
Equus grevyi;Namibia;3
Equus grevyi;Uganda;3
Equus grevyi;Canada;2
Equus grevyi;Nigeria;2
Equus grevyi;Senegal;2
Equus grevyi;Sudan;2
Equus grevyi;Zimbabwe;2
Equus grevyi;Benin;1
Equus grevyi;Botswana;1
Equus grevyi;China;1
Equus grevyi;Costa Rica;1
Equus grevyi;Djibouti;1
Equus grevyi;Ecuador;1
Equus grevyi;Egypt;1
Equus grevyi;France;1
Equus grevyi;India;1
Equus grevyi;Japan;1
Equus grevyi;Myanmar;1
Equus grevyi;Nepal;1
Equus grevyi;Peru;1
Equus grevyi;Sweden;1
Equus grevyi;Switzerland;1
Equus grevyi;United Kingdom;1
Equus grevyi;Uzbekistan;1
Equus grevyi;Zambia;1
Eschrichtius robustus;Mexico;81
Eschrichtius robustus;Canada;14
Eschrichtius robustus;Brazil;3
Eschrichtius robustus;Russia;3
Eschrichtius robustus;China;2
Eschrichtius robustus;New Zealand;2
Eschrichtius robustus;Australia;1
Eschrichtius robustus;Belarus;1
Eschrichtius robustus;Ecuador;1
Eschrichtius robustus;Georgia;1
Eschrichtius robustus;Indonesia;1
Eschrichtius robustus;Malta;1
Eschrichtius robustus;Peru;1
Eschrichtius robustus;Philippines;1
Eschrichtius robustus;Sweden;1
Eschrichtius robustus;United States;1
Eschrichtius robustus;Vietnam;1
Eubalaena australis;Australia;34
Eubalaena australis;New Zealand;27
Eubalaena australis;Argentina;5
Eubalaena australis;Canada;5
Eubalaena australis;Chile;4
Eubalaena australis;Denmark;2
Eubalaena australis;Greenland;2
Eubalaena australis;South Africa;2
Eubalaena australis;Brazil;1
Eubalaena australis;Iceland;1
Eubalaena australis;Japan;1
Eubalaena australis;Norway;1
Eubalaena australis;Peru;1
Eubalaena glacialis;Canada;30
Eubalaena glacialis;Georgia;18
Eubalaena glacialis;Japan;7
Eubalaena glacialis;Denmark;3
Eubalaena glacialis;Kenya;3
Eubalaena glacialis;Mexico;3
Eubalaena glacialis;Spain;3
Eubalaena glacialis;Australia;2
Eubalaena glacialis;New Zealand;2
Eubalaena glacialis;Tanzania;2
Eubalaena glacialis;Argentina;1
Eubalaena glacialis;China;1
Eubalaena glacialis;France;1
Eubalaena glacialis;Iceland;1
Eubalaena glacialis;Italy;1
Eubalaena glacialis;Madagascar;1
Eubalaena glacialis;Norway;1
Eubalaena glacialis;Philippines;1
Eubalaena glacialis;Russia;1
Eubalaena glacialis;Seychelles;1
Eubalaena glacialis;South Africa;1
Eubalaena glacialis;United States;1
Eubalaena japonica;India;9
Eubalaena japonica;Canada;6
Eubalaena japonica;Australia;5
Eubalaena japonica;Mexico;4
Eubalaena japonica;Denmark;2
Eubalaena japonica;Brazil;1
Eubalaena japonica;Chile;1
Eubalaena japonica;China;1
Eubalaena japonica;Cyprus;1
Eubalaena japonica;Egypt;1
Eubalaena japonica;Faroe Islands;1
Eubalaena japonica;France;1
Eubalaena japonica;Georgia;1
Eubalaena japonica;Greenland;1
Eubalaena japonica;Indonesia;1
Eubalaena japonica;Iraq;1
Eubalaena japonica;Ireland;1
Eubalaena japonica;Italy;1
Eubalaena japonica;Japan;1
Eubalaena japonica;Libya;1
Eubalaena japonica;Malta;1
Eubalaena japonica;Pakistan;1
Eubalaena japonica;Peru;1
Eubalaena japonica;Russia;1
Eubalaena japonica;South Africa;1
Eubalaena japonica;Syria;1
Eubalaena japonica;Thailand;1
Gavialis gangeticus;India;122
Gavialis gangeticus;Nepal;71
Gavialis gangeticus;China;17
Gavialis gangeticus;Pakistan;14
Gavialis gangeticus;Bangladesh;13
Gavialis gangeticus;Morocco;13
Gavialis gangeticus;Australia;8
Gavialis gangeticus;Brazil;8
Gavialis gangeticus;Bhutan;7
Gavialis gangeticus;Madagascar;6
Gavialis gangeticus;Cambodia;5
Gavialis gangeticus;Colombia;4
Gavialis gangeticus;Indonesia;4
Gavialis gangeticus;Venezuela;4
Gavialis gangeticus;Argentina;3
Gavialis gangeticus;Egypt;3
Gavialis gangeticus;France;3
Gavialis gangeticus;Germany;3
Gavialis gangeticus;Myanmar;3
Gavialis gangeticus;Peru;3
Gavialis gangeticus;Seychelles;3
Gavialis gangeticus;South Africa;3
Gavialis gangeticus;Afghanistan;2
Gavialis gangeticus;Cameroon;2
Gavialis gangeticus;Gabon;2
Gavialis gangeticus;Italy;2
Gavialis gangeticus;Laos;2
Gavialis gangeticus;Mauritius;2
Gavialis gangeticus;Mexico;2
Gavialis gangeticus;Montserrat;2
Gavialis gangeticus;Senegal;2
Gavialis gangeticus;Sudan;2
Gavialis gangeticus;Tanzania;2
Gavialis gangeticus;Thailand;2
Gavialis gangeticus;Tunisia;2
Gavialis gangeticus;Vietnam;2
Gavialis gangeticus;Canada;1
Gavialis gangeticus;Ethiopia;1
Gavialis gangeticus;Honduras;1
Gavialis gangeticus;Iran;1
Gavialis gangeticus;Japan;1
Gavialis gangeticus;Kazakhstan;1
Gavialis gangeticus;Netherlands;1
Gavialis gangeticus;New Zealand;1
Gavialis gangeticus;Norway;1
Gavialis gangeticus;Papua New Guinea;1
Gavialis gangeticus;Russia;1
Gavialis gangeticus;Saudi Arabia;1
Gavialis gangeticus;Singapore;1
Gavialis gangeticus;South Korea;1
Gavialis gangeticus;Sri Lanka;1
Gavialis gangeticus;Switzerland;1
Gavialis gangeticus;Turkey;1
Gavialis gangeticus;United States;1
Gavialis gangeticus;Uzbekistan;1
Gorilla beringei;Rwanda;201
Gorilla beringei;Uganda;146
Gorilla beringei;Indonesia;11
Gorilla beringei;Gabon;9
Gorilla beringei;Cameroon;8
Gorilla beringei;China;6
Gorilla beringei;Democratic Republic of the Congo;6
Gorilla beringei;Nigeria;4
Gorilla beringei;South Africa;4
Gorilla beringei;Switzerland;4
Gorilla beringei;Tanzania;4
Gorilla beringei;Thailand;4
Gorilla beringei;Germany;3
Gorilla beringei;Guinea;3
Gorilla beringei;Japan;3
Gorilla beringei;Kenya;3
Gorilla beringei;Belgium;2
Gorilla beringei;Ghana;2
Gorilla beringei;Liberia;2
Gorilla beringei;Malaysia;2
Gorilla beringei;Norway;2
Gorilla beringei;Spain;2
Gorilla beringei;Sudan;2
Gorilla beringei;Angola;1
Gorilla beringei;Bermuda;1
Gorilla beringei;Canada;1
Gorilla beringei;Central African Republic;1
Gorilla beringei;Chad;1
Gorilla beringei;Equatorial Guinea;1
Gorilla beringei;France;1
Gorilla beringei;India;1
Gorilla beringei;Laos;1
Gorilla beringei;Madagascar;1
Gorilla beringei;Maldives;1
Gorilla beringei;Mali;1
Gorilla beringei;Mexico;1
Gorilla beringei;New Zealand;1
Gorilla beringei;Samoa;1
Gorilla beringei;Senegal;1
Gorilla beringei;Sierra Leone;1
Gorilla beringei;United States;1
Gorilla beringei;Vietnam;1
Gorilla gorilla;Cameroon;49
Gorilla gorilla;Gabon;36
Gorilla gorilla;Nigeria;27
Gorilla gorilla;Equatorial Guinea;24
Gorilla gorilla;Uganda;24
Gorilla gorilla;Thailand;15
Gorilla gorilla;Angola;14
Gorilla gorilla;Rwanda;12
Gorilla gorilla;Central African Republic;11
Gorilla gorilla;France;4
Gorilla gorilla;Brazil;2
Gorilla gorilla;Ecuador;2
Gorilla gorilla;Germany;2
Gorilla gorilla;India;2
Gorilla gorilla;Indonesia;2
Gorilla gorilla;Kenya;2
Gorilla gorilla;Madagascar;2
Gorilla gorilla;Bangladesh;1
Gorilla gorilla;China;1
Gorilla gorilla;Democratic Republic of the Congo;1
Gorilla gorilla;Ghana;1
Gorilla gorilla;Malaysia;1
Gorilla gorilla;Mexico;1
Gorilla gorilla;Papua New Guinea;1
Gorilla gorilla;Peru;1
Gorilla gorilla;Philippines;1
Gorilla gorilla;Spain;1
Gorilla gorilla;Sweden;1
Helarctos malayanus;Malaysia;62
Helarctos malayanus;China;42
Helarctos malayanus;Indonesia;23
Helarctos malayanus;Thailand;20
Helarctos malayanus;Cambodia;16
Helarctos malayanus;Vietnam;12
Helarctos malayanus;Laos;6
Helarctos malayanus;Australia;4
Helarctos malayanus;Singapore;4
Helarctos malayanus;Bangladesh;3
Helarctos malayanus;Canada;3
Helarctos malayanus;India;3
Helarctos malayanus;Russia;3
Helarctos malayanus;Tanzania;3
Helarctos malayanus;Brunei;1
Helarctos malayanus;Finland;1
Helarctos malayanus;Guinea;1
Helarctos malayanus;Japan;1
Helarctos malayanus;Kuwait;1
Helarctos malayanus;Mongolia;1
Helarctos malayanus;Myanmar;1
Helarctos malayanus;Netherlands;1
Helarctos malayanus;New Zealand;1
Helarctos malayanus;South Africa;1
Helarctos malayanus;Sri Lanka;1
Hyperoodon ampullatus;Iceland;10
Hyperoodon ampullatus;Canada;6
Hyperoodon ampullatus;Greenland;3
Hyperoodon ampullatus;Ireland;2
Hyperoodon ampullatus;Norway;2
Hyperoodon ampullatus;Bahamas;1
Hyperoodon ampullatus;France;1
Hyperoodon ampullatus;Germany;1
Hyperoodon ampullatus;Greece;1
Hyperoodon ampullatus;Japan;1
Hyperoodon ampullatus;Mexico;1
Hyperoodon ampullatus;Netherlands;1
Hyperoodon ampullatus;New Zealand;1
Lipotes vexillifer;China;53
Lipotes vexillifer;Iraq;7
Lipotes vexillifer;Japan;7
Lipotes vexillifer;India;6
Lipotes vexillifer;Bangladesh;2
Lipotes vexillifer;France;2
Lipotes vexillifer;Ireland;2
Lipotes vexillifer;Australia;1
Lipotes vexillifer;Bahamas;1
Lipotes vexillifer;Bolivia;1
Lipotes vexillifer;Canada;1
Lipotes vexillifer;Hong Kong;1
Lipotes vexillifer;Iceland;1
Lipotes vexillifer;Mexico;1
Lipotes vexillifer;Norway;1
Lipotes vexillifer;Vietnam;1
Loxodonta africana;Botswana;69
Loxodonta africana;Kenya;43
Loxodonta africana;China;26
Loxodonta africana;Zimbabwe;25
Loxodonta africana;Nigeria;22
Loxodonta africana;Tanzania;21
Loxodonta africana;South Africa;20
Loxodonta africana;Namibia;16
Loxodonta africana;Canada;15
Loxodonta africana;India;14
Loxodonta africana;Gabon;11
Loxodonta africana;Germany;10
Loxodonta africana;Myanmar;10
Loxodonta africana;Zambia;10
Loxodonta africana;Cameroon;9
Loxodonta africana;Mozambique;9
Loxodonta africana;Nepal;9
Loxodonta africana;Uganda;7
Loxodonta africana;Chad;5
Loxodonta africana;Georgia;5
Loxodonta africana;Malawi;5
Loxodonta africana;Brazil;4
Loxodonta africana;Swaziland;4
Loxodonta africana;Angola;3
Loxodonta africana;Australia;3
Loxodonta africana;Chile;3
Loxodonta africana;France;3
Loxodonta africana;Malaysia;3
Loxodonta africana;Mali;3
Loxodonta africana;Niger;3
Loxodonta africana;Russia;3
Loxodonta africana;Switzerland;3
Loxodonta africana;Belize;2
Loxodonta africana;Indonesia;2
Loxodonta africana;Laos;2
Loxodonta africana;Libya;2
Loxodonta africana;New Zealand;2
Loxodonta africana;Puerto Rico;2
Loxodonta africana;Somalia;2
Loxodonta africana;Thailand;2
Loxodonta africana;Belgium;1
Loxodonta africana;Bulgaria;1
Loxodonta africana;Cambodia;1
Loxodonta africana;Colombia;1
Loxodonta africana;Cuba;1
Loxodonta africana;Ethiopia;1
Loxodonta africana;Finland;1
Loxodonta africana;Greenland;1
Loxodonta africana;Hong Kong;1
Loxodonta africana;Iran;1
Loxodonta africana;Israel;1
Loxodonta africana;Japan;1
Loxodonta africana;Jordan;1
Loxodonta africana;Mauritius;1
Loxodonta africana;Mexico;1
Loxodonta africana;Philippines;1
Loxodonta africana;Portugal;1
Loxodonta africana;Seychelles;1
Loxodonta africana;Spain;1
Loxodonta africana;Taiwan;1
Loxodonta africana;United Kingdom;1
Loxodonta africana;United States;1
Loxodonta africana;Venezuela;1
Loxodonta africana;Vietnam;1
Loxodonta africana;Yemen;1
Melursus ursinus;India;49
Melursus ursinus;Sri Lanka;21
Melursus ursinus;Nepal;10
Melursus ursinus;Bhutan;4
Melursus ursinus;Bangladesh;3
Melursus ursinus;Kenya;2
Melursus ursinus;South Africa;2
Melursus ursinus;Botswana;1
Melursus ursinus;Brazil;1
Melursus ursinus;China;1
Melursus ursinus;Germany;1
Melursus ursinus;Hong Kong;1
Melursus ursinus;Pakistan;1
Melursus ursinus;Peru;1
Melursus ursinus;Tanzania;1
Orcaella brevirostris;Myanmar;78
Orcaella brevirostris;Cambodia;58
Orcaella brevirostris;Laos;37
Orcaella brevirostris;Australia;16
Orcaella brevirostris;India;13
Orcaella brevirostris;Indonesia;12
Orcaella brevirostris;Bangladesh;11
Orcaella brevirostris;Thailand;7
Orcaella brevirostris;China;6
Orcaella brevirostris;Canada;2
Orcaella brevirostris;Mexico;2
Orcaella brevirostris;Philippines;2
Orcaella brevirostris;Hong Kong;1
Orcaella brevirostris;Italy;1
Orcaella brevirostris;Malaysia;1
Orcaella brevirostris;Vietnam;1
Osteolaemus tetraspis;Gabon;9
Osteolaemus tetraspis;India;7
Osteolaemus tetraspis;Cameroon;5
Osteolaemus tetraspis;Malaysia;4
Osteolaemus tetraspis;China;3
Osteolaemus tetraspis;France;3
Osteolaemus tetraspis;Madagascar;3
Osteolaemus tetraspis;South Africa;3
Osteolaemus tetraspis;Australia;2
Osteolaemus tetraspis;Indonesia;2
Osteolaemus tetraspis;Japan;2
Osteolaemus tetraspis;Kenya;2
Osteolaemus tetraspis;Brazil;1
Osteolaemus tetraspis;Hong Kong;1
Osteolaemus tetraspis;Ireland;1
Osteolaemus tetraspis;Namibia;1
Osteolaemus tetraspis;Russia;1
Osteolaemus tetraspis;Senegal;1
Osteolaemus tetraspis;Sri Lanka;1
Osteolaemus tetraspis;Switzerland;1
Osteolaemus tetraspis;Thailand;1
Osteolaemus tetraspis;Vietnam;1
Osteolaemus tetraspis;Zambia;1
Osteolaemus tetraspis;Zimbabwe;1
Pan troglodytes;Uganda;12
Pan troglodytes;Guinea;7
Pan troglodytes;Nigeria;6
Pan troglodytes;Tanzania;5
Pan troglodytes;Thailand;5
Pan troglodytes;Ghana;4
Pan troglodytes;Israel;4
Pan troglodytes;Cameroon;3
Pan troglodytes;China;3
Pan troglodytes;Gabon;2
Pan troglodytes;Germany;2
Pan troglodytes;Indonesia;2
Pan troglodytes;Kenya;2
Pan troglodytes;Liberia;2
Pan troglodytes;New Zealand;2
Pan troglodytes;Norway;2
Pan troglodytes;Pakistan;2
Pan troglodytes;Angola;1
Pan troglodytes;Benin;1
Pan troglodytes;Burkina Faso;1
Pan troglodytes;Cyprus;1
Pan troglodytes;Ethiopia;1
Pan troglodytes;Gambia;1
Pan troglodytes;Gibraltar;1
Pan troglodytes;Guatemala;1
Pan troglodytes;India;1
Pan troglodytes;Mexico;1
Pan troglodytes;Morocco;1
Pan troglodytes;Poland;1
Pan troglodytes;Senegal;1
Pan troglodytes;Sierra Leone;1
Pan troglodytes;Spain;1
Pan troglodytes;Togo;1
Panthera leo;India;151
Panthera leo;South Africa;55
Panthera leo;Tanzania;37
Panthera leo;Iran;31
Panthera leo;Mozambique;20
Panthera leo;Kenya;12
Panthera leo;Botswana;8
Panthera leo;Namibia;8
Panthera leo;Switzerland;6
Panthera leo;China;5
Panthera leo;Turkey;5
Panthera leo;Zimbabwe;5
Panthera leo;Greece;4
Panthera leo;Ireland;4
Panthera leo;Morocco;4
Panthera leo;Russia;4
Panthera leo;Niger;3
Panthera leo;Spain;3
Panthera leo;Australia;2
Panthera leo;Nigeria;2
Panthera leo;Senegal;2
Panthera leo;Tunisia;2
Panthera leo;Vietnam;2
Panthera leo;Zambia;2
Panthera leo;Angola;1
Panthera leo;Argentina;1
Panthera leo;Armenia;1
Panthera leo;Azerbaijan;1
Panthera leo;Benin;1
Panthera leo;Burkina Faso;1
Panthera leo;Cuba;1
Panthera leo;Cyprus;1
Panthera leo;Denmark;1
Panthera leo;Ethiopia;1
Panthera leo;Germany;1
Panthera leo;Israel;1
Panthera leo;Japan;1
Panthera leo;Kazakhstan;1
Panthera leo;New Zealand;1
Panthera leo;Norway;1
Panthera leo;Panama;1
Panthera leo;Romania;1
Panthera leo;Saudi Arabia;1
Panthera leo;South Sudan;1
Panthera leo;Sweden;1
Panthera onca;South Africa;15
Panthera onca;Canada;1
Panthera onca;China;1
Panthera onca;Germany;1
Panthera onca;India;1
Panthera onca;Latvia;1
Panthera onca;Portugal;1
Panthera pardus;India;28
Panthera pardus;Sri Lanka;9
Panthera pardus;China;4
Panthera pardus;Hungary;4
Panthera pardus;Kazakhstan;4
Panthera pardus;Nepal;4
Panthera pardus;Afghanistan;3
Panthera pardus;Armenia;3
Panthera pardus;Bangladesh;3
Panthera pardus;Pakistan;3
Panthera pardus;South Africa;3
Panthera pardus;Bhutan;2
Panthera pardus;Georgia;2
Panthera pardus;Kenya;2
Panthera pardus;Mongolia;2
Panthera pardus;Russia;2
Panthera pardus;Algeria;1
Panthera pardus;Argentina;1
Panthera pardus;Brazil;1
Panthera pardus;Canada;1
Panthera pardus;Germany;1
Panthera pardus;Indonesia;1
Panthera pardus;Maldives;1
Panthera pardus;Myanmar;1
Panthera pardus;Singapore;1
Panthera pardus;Tajikistan;1
Panthera pardus;Tanzania;1
Panthera pardus;Uzbekistan;1
Panthera tigris;Russia;80
Panthera tigris;China;78
Panthera tigris;India;22
Panthera tigris;Kenya;16
Panthera tigris;North Korea;15
Panthera tigris;Iran;14
Panthera tigris;Thailand;13
Panthera tigris;Malaysia;9
Panthera tigris;Laos;8
Panthera tigris;Nepal;8
Panthera tigris;Zimbabwe;7
Panthera tigris;Australia;5
Panthera tigris;Bhutan;5
Panthera tigris;Hong Kong;5
Panthera tigris;Rwanda;5
Panthera tigris;Vietnam;5
Panthera tigris;Botswana;4
Panthera tigris;Cambodia;4
Panthera tigris;Indonesia;4
Panthera tigris;Myanmar;4
Panthera tigris;Bangladesh;3
Panthera tigris;Germany;2
Panthera tigris;Italy;2
Panthera tigris;Mozambique;2
Panthera tigris;South Korea;2
Panthera tigris;Tanzania;2
Panthera tigris;Turkey;2
Panthera tigris;Afghanistan;1
Panthera tigris;Bulgaria;1
Panthera tigris;Denmark;1
Panthera tigris;France;1
Panthera tigris;Georgia;1
Panthera tigris;Hungary;1
Panthera tigris;Japan;1
Panthera tigris;Malta;1
Panthera tigris;Mongolia;1
Panthera tigris;Norway;1
Panthera tigris;Singapore;1
Panthera tigris;Slovakia;1
Panthera tigris;Somalia;1
Panthera tigris;South Africa;1
Panthera tigris;Spain;1
Panthera tigris;Sweden;1
Physeter macrocephalus;Indonesia;5
Physeter macrocephalus;Mexico;4
Physeter macrocephalus;Norway;3
Physeter macrocephalus;France;2
Physeter macrocephalus;Philippines;2
Physeter macrocephalus;Australia;1
Physeter macrocephalus;Bahamas;1
Physeter macrocephalus;Canada;1
Physeter macrocephalus;China;1
Physeter macrocephalus;Denmark;1
Physeter macrocephalus;Greece;1
Physeter macrocephalus;Maldives;1
Physeter macrocephalus;South Korea;1
Physeter macrocephalus;Spain;1
Physeter macrocephalus;Switzerland;1
Pristis pectinata;Thailand;7
Pristis pectinata;Bahamas;4
Pristis pectinata;Australia;3
Pristis pectinata;Venezuela;3
Pristis pectinata;Argentina;2
Pristis pectinata;Cuba;2
Pristis pectinata;United States;2
Pristis pectinata;Brazil;1
Pristis pectinata;Canada;1
Pristis pectinata;Guinea;1
Pristis pectinata;Honduras;1
Pristis pectinata;Mexico;1
Pristis pectinata;Pakistan;1
Pristis pectinata;Papua New Guinea;1
Pristis pectinata;Solomon Islands;1
Pristis pectinata;Tanzania;1
Rhinoceros sondaicus;Indonesia;87
Rhinoceros sondaicus;Vietnam;44
Rhinoceros sondaicus;Malaysia;33
Rhinoceros sondaicus;China;26
Rhinoceros sondaicus;Australia;22
Rhinoceros sondaicus;India;22
Rhinoceros sondaicus;South Africa;15
Rhinoceros sondaicus;Thailand;10
Rhinoceros sondaicus;Bangladesh;7
Rhinoceros sondaicus;Myanmar;7
Rhinoceros sondaicus;Laos;6
Rhinoceros sondaicus;Nepal;6
Rhinoceros sondaicus;Cambodia;5
Rhinoceros sondaicus;Russia;4
Rhinoceros sondaicus;Tanzania;4
Rhinoceros sondaicus;Pakistan;3
Rhinoceros sondaicus;Brazil;2
Rhinoceros sondaicus;Netherlands;2
Rhinoceros sondaicus;Singapore;2
Rhinoceros sondaicus;Uganda;2
Rhinoceros sondaicus;Afghanistan;1
Rhinoceros sondaicus;Angola;1
Rhinoceros sondaicus;Bhutan;1
Rhinoceros sondaicus;Cameroon;1
Rhinoceros sondaicus;Chad;1
Rhinoceros sondaicus;Ecuador;1
Rhinoceros sondaicus;Mexico;1
Rhinoceros sondaicus;Namibia;1
Rhinoceros sondaicus;New Zealand;1
Rhinoceros sondaicus;Norway;1
Rhinoceros sondaicus;Oman;1
Rhinoceros sondaicus;Philippines;1
Rhinoceros sondaicus;Rwanda;1
Rhinoceros sondaicus;Seychelles;1
Rhinoceros sondaicus;Somalia;1
Rhinoceros sondaicus;Sudan;1
Rhinoceros sondaicus;Sweden;1
Rhinoceros sondaicus;Switzerland;1
Rhinoceros sondaicus;Syria;1
Rhinoceros sondaicus;United States;1
Rhinoceros sondaicus;Yemen;1
Rhinoceros unicornis;India;232
Rhinoceros unicornis;Nepal;219
Rhinoceros unicornis;China;77
Rhinoceros unicornis;Vietnam;24
Rhinoceros unicornis;South Africa;22
Rhinoceros unicornis;Indonesia;19
Rhinoceros unicornis;Myanmar;11
Rhinoceros unicornis;Malaysia;8
Rhinoceros unicornis;Australia;7
Rhinoceros unicornis;Bangladesh;7
Rhinoceros unicornis;Kenya;7
Rhinoceros unicornis;Pakistan;6
Rhinoceros unicornis;Sudan;6
Rhinoceros unicornis;Thailand;6
Rhinoceros unicornis;Singapore;4
Rhinoceros unicornis;Bhutan;3
Rhinoceros unicornis;France;3
Rhinoceros unicornis;Netherlands;3
Rhinoceros unicornis;Japan;2
Rhinoceros unicornis;Mexico;2
Rhinoceros unicornis;Switzerland;2
Rhinoceros unicornis;Yemen;2
Rhinoceros unicornis;Zimbabwe;2
Rhinoceros unicornis;Argentina;1
Rhinoceros unicornis;Belgium;1
Rhinoceros unicornis;Brunei;1
Rhinoceros unicornis;Bulgaria;1
Rhinoceros unicornis;Cameroon;1
Rhinoceros unicornis;Chad;1
Rhinoceros unicornis;Italy;1
Rhinoceros unicornis;Laos;1
Rhinoceros unicornis;Namibia;1
Rhinoceros unicornis;Nicaragua;1
Rhinoceros unicornis;Portugal;1
Rhinoceros unicornis;Russia;1
Rhinoceros unicornis;Saudi Arabia;1
Rhinoceros unicornis;Sweden;1
Rhinoceros unicornis;Uganda;1
Rhinoceros unicornis;United Arab Emirates;1
Rhinoceros unicornis;United States;1
Sotalia fluviatilis;Brazil;33
Sotalia fluviatilis;Colombia;9
Sotalia fluviatilis;Peru;8
Sotalia fluviatilis;Bolivia;7
Sotalia fluviatilis;Venezuela;6
Sotalia fluviatilis;Ecuador;4
Sotalia fluviatilis;Chile;2
Sotalia fluviatilis;France;2
Sotalia fluviatilis;Australia;1
Sotalia fluviatilis;China;1
Sotalia fluviatilis;United States;1
Sotalia guianensis;Bolivia;5
Sotalia guianensis;Venezuela;4
Sotalia guianensis;Ecuador;3
Sotalia guianensis;Colombia;2
Sotalia guianensis;Peru;1
Sousa chinensis;Hong Kong;81
Sousa chinensis;China;20
Sousa chinensis;Singapore;20
Sousa chinensis;Bangladesh;15
Sousa chinensis;Russia;5
Sousa chinensis;Myanmar;3
Sousa chinensis;South Africa;3
Sousa chinensis;Thailand;3
Sousa chinensis;Australia;1
Sousa chinensis;Canada;1
Sousa chinensis;Japan;1
Sousa chinensis;Kenya;1
Sousa chinensis;Malaysia;1
Sousa chinensis;Solomon Islands;1
Sousa chinensis;Taiwan;1
Sousa plumbea;India;23
Sousa plumbea;South Africa;12
Sousa plumbea;China;8
Sousa plumbea;Mozambique;8
Sousa plumbea;Australia;4
Sousa plumbea;Kenya;4
Sousa plumbea;Tanzania;4
Sousa plumbea;Pakistan;2
Sousa plumbea;Germany;1
Sousa plumbea;Namibia;1
Sousa plumbea;Netherlands;1
Sousa plumbea;Somalia;1
Sousa plumbea;Spain;1
Sousa sahulensis;Australia;15
Sousa sahulensis;Belgium;1
Sousa sahulensis;Chile;1
Sousa sahulensis;Hong Kong;1
Sousa sahulensis;Indonesia;1
Sousa sahulensis;Papua New Guinea;1
Sousa sahulensis;Puerto Rico;1
Sousa sahulensis;South Africa;1
Sousa teuszii;Australia;13
Sousa teuszii;Mexico;13
Sousa teuszii;Brazil;12
Sousa teuszii;Sri Lanka;6
Sousa teuszii;Thailand;6
Sousa teuszii;China;4
Sousa teuszii;Madagascar;4
Sousa teuszii;Senegal;4
Sousa teuszii;Vietnam;4
Sousa teuszii;Cambodia;3
Sousa teuszii;Ecuador;3
Sousa teuszii;India;3
Sousa teuszii;Indonesia;3
Sousa teuszii;Philippines;3
Sousa teuszii;Zambia;3
Sousa teuszii;Angola;2
Sousa teuszii;Colombia;2
Sousa teuszii;Costa Rica;2
Sousa teuszii;Guatemala;2
Sousa teuszii;Peru;2
Sousa teuszii;South Sudan;2
Sousa teuszii;Gabon;1
Sousa teuszii;Guinea;1
Sousa teuszii;Guyana;1
Sousa teuszii;Hong Kong;1
Sousa teuszii;Japan;1
Sousa teuszii;Myanmar;1
Sousa teuszii;Namibia;1
Sousa teuszii;New Caledonia;1
Sousa teuszii;New Zealand;1
Sousa teuszii;Sweden;1
Sousa teuszii;Ukraine;1
Sousa teuszii;Vanuatu;1
Tremarctos ornatus;Peru;76
Tremarctos ornatus;Colombia;63
Tremarctos ornatus;Bolivia;32
Tremarctos ornatus;Ecuador;17
Tremarctos ornatus;Venezuela;14
Tremarctos ornatus;Argentina;11
Tremarctos ornatus;Mexico;7
Tremarctos ornatus;France;5
Tremarctos ornatus;Australia;4
Tremarctos ornatus;Brazil;4
Tremarctos ornatus;Belize;3
Tremarctos ornatus;India;2
Tremarctos ornatus;Nepal;2
Tremarctos ornatus;Bangladesh;1
Tremarctos ornatus;Bhutan;1
Tremarctos ornatus;Canada;1
Tremarctos ornatus;China;1
Tremarctos ornatus;Germany;1
Tremarctos ornatus;Indonesia;1
Tremarctos ornatus;Italy;1
Tremarctos ornatus;Kenya;1
Tremarctos ornatus;Norway;1
Tremarctos ornatus;Romania;1
Tremarctos ornatus;Sri Lanka;1
Tremarctos ornatus;Suriname;1
Ursus arctos;Canada;9
Ursus arctos;Mali;8
Ursus arctos;Pakistan;5
Ursus arctos;Spain;5
Ursus arctos;Armenia;4
Ursus arctos;China;4
Ursus arctos;Italy;2
Ursus arctos;Croatia;1
Ursus arctos;France;1
Ursus arctos;Ireland;1
Ursus arctos;Poland;1
Ursus arctos;Slovenia;1
Ursus arctos isabellinus;Pakistan;40
Ursus arctos isabellinus;Nepal;32
Ursus arctos isabellinus;India;24
Ursus arctos isabellinus;Bhutan;13
Ursus arctos isabellinus;China;10
Ursus arctos isabellinus;Mongolia;10
Ursus arctos isabellinus;Uzbekistan;8
Ursus arctos isabellinus;Kazakhstan;4
Ursus arctos isabellinus;Russia;3
Ursus arctos isabellinus;Canada;2
Ursus arctos isabellinus;France;2
Ursus arctos isabellinus;Afghanistan;1
Ursus arctos isabellinus;Andorra;1
Ursus arctos isabellinus;Bangladesh;1
Ursus arctos isabellinus;Cambodia;1
Ursus arctos isabellinus;Ecuador;1
Ursus arctos isabellinus;Hong Kong;1
Ursus arctos isabellinus;Iran;1
Ursus arctos isabellinus;Ireland;1
Ursus arctos isabellinus;Mexico;1
Ursus arctos isabellinus;Singapore;1
Ursus arctos isabellinus;Spain;1
Ursus arctos isabellinus;Sri Lanka;1
Ursus thibetanus;China;121
Ursus thibetanus;Vietnam;49
Ursus thibetanus;India;32
Ursus thibetanus;Laos;26
Ursus thibetanus;Russia;26
Ursus thibetanus;Iran;20
Ursus thibetanus;Myanmar;15
Ursus thibetanus;Malaysia;14
Ursus thibetanus;South Korea;14
Ursus thibetanus;Japan;12
Ursus thibetanus;Pakistan;12
Ursus thibetanus;Thailand;12
Ursus thibetanus;New Zealand;11
Ursus thibetanus;Bhutan;10
Ursus thibetanus;Nepal;9
Ursus thibetanus;Hong Kong;4
Ursus thibetanus;Taiwan;4
Ursus thibetanus;Afghanistan;3
Ursus thibetanus;Cambodia;3
Ursus thibetanus;Indonesia;3
Ursus thibetanus;Australia;2
Ursus thibetanus;Austria;2
Ursus thibetanus;Bangladesh;2
Ursus thibetanus;France;2
Ursus thibetanus;Germany;2
Ursus thibetanus;Mongolia;2
Ursus thibetanus;Brazil;1
Ursus thibetanus;Canada;1
Ursus thibetanus;Israel;1
Ursus thibetanus;Italy;1
Ursus thibetanus;Kuwait;1
Ursus thibetanus;Namibia;1
Ursus thibetanus;North Korea;1
Ursus thibetanus;Singapore;1
Ursus thibetanus;South Africa;1
Ursus thibetanus;Spain;1
Ursus thibetanus;Sri Lanka;1
Ursus thibetanus;United States;1
