scientific_name;mentions;article_cnt;Kingdom;Class;Order;Family;Genus;Species;country;iso3
Acinonyx jubatus;2;9;Animalia;Mammalia;Carnivora;Felidae;Acinonyx;jubatus;Jersey;JEY
Acinonyx jubatus;1;9;Animalia;Mammalia;Carnivora;Felidae;Acinonyx;jubatus;France;FRA
Acinonyx jubatus;1;9;Animalia;Mammalia;Carnivora;Felidae;Acinonyx;jubatus;Madagascar;MDG
Acinonyx jubatus;1;9;Animalia;Mammalia;Carnivora;Felidae;Acinonyx;jubatus;Namibia;NAM
Acinonyx jubatus;1;9;Animalia;Mammalia;Carnivora;Felidae;Acinonyx;jubatus;Netherlands;NLD
Acinonyx jubatus;1;9;Animalia;Mammalia;Carnivora;Felidae;Acinonyx;jubatus;United States;USA
Addax nasomaculatus;2;7;Animalia;Mammalia;Artiodactyla;Bovidae;Addax;nasomaculatus;Tunisia;TUN
Addax nasomaculatus;1;7;Animalia;Mammalia;Artiodactyla;Bovidae;Addax;nasomaculatus;Algeria;DZA
Addax nasomaculatus;1;7;Animalia;Mammalia;Artiodactyla;Bovidae;Addax;nasomaculatus;Chad;TCD
Addax nasomaculatus;1;7;Animalia;Mammalia;Artiodactyla;Bovidae;Addax;nasomaculatus;Egypt;EGY
Addax nasomaculatus;1;7;Animalia;Mammalia;Artiodactyla;Bovidae;Addax;nasomaculatus;Libya;LBY
Addax nasomaculatus;1;7;Animalia;Mammalia;Artiodactyla;Bovidae;Addax;nasomaculatus;Mauritania;MRT
Addax nasomaculatus;1;7;Animalia;Mammalia;Artiodactyla;Bovidae;Addax;nasomaculatus;Morocco;MAR
Addax nasomaculatus;1;7;Animalia;Mammalia;Artiodactyla;Bovidae;Addax;nasomaculatus;Sudan;SDN
Ailuropoda melanoleuca;4;5;Animalia;Mammalia;Carnivora;Ursidae;Ailuropoda;melanoleuca;China;CHN
Ailuropoda melanoleuca;3;5;Animalia;Mammalia;Carnivora;Ursidae;Ailuropoda;melanoleuca;United States;USA
Ailurus fulgens;14;22;Animalia;Mammalia;Carnivora;Ailuridae;Ailurus;fulgens;China;CHN
Ailurus fulgens;10;22;Animalia;Mammalia;Carnivora;Ailuridae;Ailurus;fulgens;Nepal;NPL
Ailurus fulgens;8;22;Animalia;Mammalia;Carnivora;Ailuridae;Ailurus;fulgens;Myanmar;MMR
Ailurus fulgens;5;22;Animalia;Mammalia;Carnivora;Ailuridae;Ailurus;fulgens;Bhutan;BTN
Ailurus fulgens;5;22;Animalia;Mammalia;Carnivora;Ailuridae;Ailurus;fulgens;India;IND
Ailurus fulgens;2;22;Animalia;Mammalia;Carnivora;Ailuridae;Ailurus;fulgens;Lao People's Democratic Republic;LAO
Ailurus fulgens;2;22;Animalia;Mammalia;Carnivora;Ailuridae;Ailurus;fulgens;United States;USA
Ailurus fulgens;1;22;Animalia;Mammalia;Carnivora;Ailuridae;Ailurus;fulgens;France;FRA
Ailurus fulgens;1;22;Animalia;Mammalia;Carnivora;Ailuridae;Ailurus;fulgens;Germany;DEU
Ailurus fulgens;1;22;Animalia;Mammalia;Carnivora;Ailuridae;Ailurus;fulgens;Ireland;IRL
Ailurus fulgens;1;22;Animalia;Mammalia;Carnivora;Ailuridae;Ailurus;fulgens;Russian Federation;RUS
Ailurus fulgens;1;22;Animalia;Mammalia;Carnivora;Ailuridae;Ailurus;fulgens;Saint Martin (French part);MAF
Alligator sinensis;2;3;Animalia;Reptilia;Crocodylia;Alligatoridae;Alligator;sinensis;Singapore;SGP
Alligator sinensis;1;3;Animalia;Reptilia;Crocodylia;Alligatoridae;Alligator;sinensis;China;CHN
Alouatta pigra;2;1;;;;;;;Mexico;MEX
Alouatta pigra;1;1;;;;;;;Guatemala;GTM
Alouatta pigra;1;1;;;;;;;Nicaragua;NIC
Amazona auropalliata;1;3;Animalia;Aves;Psittaciformes;Psittacidae;Amazona;auropalliata;Australia;AUS
Amazona auropalliata;1;3;Animalia;Aves;Psittaciformes;Psittacidae;Amazona;auropalliata;Indonesia;IDN
Amazona auropalliata;1;3;Animalia;Aves;Psittaciformes;Psittacidae;Amazona;auropalliata;Madagascar;MDG
Amazona auropalliata;1;3;Animalia;Aves;Psittaciformes;Psittacidae;Amazona;auropalliata;Malaysia;MYS
Amazona auropalliata;1;3;Animalia;Aves;Psittaciformes;Psittacidae;Amazona;auropalliata;Thailand;THA
Amazona guildingii;1;2;Animalia;Aves;Psittaciformes;Psittacidae;Amazona;guildingii;Barbados;BRB
Amazona guildingii;1;2;Animalia;Aves;Psittaciformes;Psittacidae;Amazona;guildingii;Venezuela, Bolivarian Republic of;VEN
Amazona imperialis;2;1;Animalia;Aves;Psittaciformes;Psittacidae;Amazona;imperialis;Germany;DEU
Amazona imperialis;2;1;Animalia;Aves;Psittaciformes;Psittacidae;Amazona;imperialis;Netherlands;NLD
Amazona imperialis;2;1;Animalia;Aves;Psittaciformes;Psittacidae;Amazona;imperialis;Saint Lucia;LCA
Amazona imperialis;1;1;Animalia;Aves;Psittaciformes;Psittacidae;Amazona;imperialis;Australia;AUS
Amazona imperialis;1;1;Animalia;Aves;Psittaciformes;Psittacidae;Amazona;imperialis;Brazil;BRA
Amazona imperialis;1;1;Animalia;Aves;Psittaciformes;Psittacidae;Amazona;imperialis;Cyprus;CYP
Amazona imperialis;1;1;Animalia;Aves;Psittaciformes;Psittacidae;Amazona;imperialis;Denmark;DNK
Amazona imperialis;1;1;Animalia;Aves;Psittaciformes;Psittacidae;Amazona;imperialis;Dominica;DMA
Amazona imperialis;1;1;Animalia;Aves;Psittaciformes;Psittacidae;Amazona;imperialis;Israel;ISR
Amazona imperialis;1;1;Animalia;Aves;Psittaciformes;Psittacidae;Amazona;imperialis;Qatar;QAT
Amazona imperialis;1;1;Animalia;Aves;Psittaciformes;Psittacidae;Amazona;imperialis;South Africa;ZAF
Amazona imperialis;1;1;Animalia;Aves;Psittaciformes;Psittacidae;Amazona;imperialis;Spain;ESP
Amazona imperialis;1;1;Animalia;Aves;Psittaciformes;Psittacidae;Amazona;imperialis;Switzerland;CHE
Amazona imperialis;1;1;Animalia;Aves;Psittaciformes;Psittacidae;Amazona;imperialis;United Kingdom;GBR
Amazona imperialis;1;1;Animalia;Aves;Psittaciformes;Psittacidae;Amazona;imperialis;United States;USA
Amazona vittata;1;3;Animalia;Aves;Psittaciformes;Psittacidae;Amazona;vittata;Egypt;EGY
Amazona vittata;1;3;Animalia;Aves;Psittaciformes;Psittacidae;Amazona;vittata;Japan;JPN
Amazona vittata;1;3;Animalia;Aves;Psittaciformes;Psittacidae;Amazona;vittata;New Zealand;NZL
Amazona vittata;1;3;Animalia;Aves;Psittaciformes;Psittacidae;Amazona;vittata;Romania;ROU
Amazona vittata;1;3;Animalia;Aves;Psittaciformes;Psittacidae;Amazona;vittata;Switzerland;CHE
Amazona vittata;1;3;Animalia;Aves;Psittaciformes;Psittacidae;Amazona;vittata;United States;USA
Anas aucklandica;1;1;Animalia;Aves;Anseriformes;Anatidae;Anas;aucklandica;New Zealand;NZL
Andrias davidianus;2;4;Animalia;Amphibia;Caudata;Cryptobranchidae;Andrias;davidianus;China;CHN
Andrias davidianus;2;4;Animalia;Amphibia;Caudata;Cryptobranchidae;Andrias;davidianus;United Kingdom;GBR
Andrias davidianus;1;4;Animalia;Amphibia;Caudata;Cryptobranchidae;Andrias;davidianus;Czechia;CZE
Andrias davidianus;1;4;Animalia;Amphibia;Caudata;Cryptobranchidae;Andrias;davidianus;Germany;DEU
Andrias davidianus;1;4;Animalia;Amphibia;Caudata;Cryptobranchidae;Andrias;davidianus;Hong Kong;HKG
Andrias davidianus;1;4;Animalia;Amphibia;Caudata;Cryptobranchidae;Andrias;davidianus;Japan;JPN
Andrias davidianus;1;4;Animalia;Amphibia;Caudata;Cryptobranchidae;Andrias;davidianus;United States;USA
Andrias japonicus;1;3;Animalia;Amphibia;Caudata;Cryptobranchidae;Andrias;japonicus;Japan;JPN
Andrias japonicus;1;3;Animalia;Amphibia;Caudata;Cryptobranchidae;Andrias;japonicus;United States;USA
Aonyx cinerea;4;11;Animalia;Mammalia;Carnivora;Mustelidae;Aonyx;cinerea;India;IND
Aonyx cinerea;3;11;Animalia;Mammalia;Carnivora;Mustelidae;Aonyx;cinerea;Australia;AUS
Aonyx cinerea;3;11;Animalia;Mammalia;Carnivora;Mustelidae;Aonyx;cinerea;China;CHN
Aonyx cinerea;3;11;Animalia;Mammalia;Carnivora;Mustelidae;Aonyx;cinerea;Indonesia;IDN
Aonyx cinerea;2;11;Animalia;Mammalia;Carnivora;Mustelidae;Aonyx;cinerea;Philippines;PHL
Aonyx cinerea;1;11;Animalia;Mammalia;Carnivora;Mustelidae;Aonyx;cinerea;Malaysia;MYS
Aonyx cinerea;1;11;Animalia;Mammalia;Carnivora;Mustelidae;Aonyx;cinerea;Nepal;NPL
Aonyx cinerea;1;11;Animalia;Mammalia;Carnivora;Mustelidae;Aonyx;cinerea;New Zealand;NZL
Aonyx cinerea;1;11;Animalia;Mammalia;Carnivora;Mustelidae;Aonyx;cinerea;Singapore;SGP
Aonyx cinerea;1;11;Animalia;Mammalia;Carnivora;Mustelidae;Aonyx;cinerea;Thailand;THA
Ara glaucogularis;1;3;Animalia;Aves;Psittaciformes;Psittacidae;Ara;glaucogularis;Netherlands;NLD
Ara glaucogularis;1;3;Animalia;Aves;Psittaciformes;Psittacidae;Ara;glaucogularis;Russian Federation;RUS
Ara militaris;2;4;Animalia;Aves;Psittaciformes;Psittacidae;Ara;militaris;Czechia;CZE
Ara militaris;1;4;Animalia;Aves;Psittaciformes;Psittacidae;Ara;militaris;Germany;DEU
Ara militaris;1;4;Animalia;Aves;Psittaciformes;Psittacidae;Ara;militaris;Israel;ISR
Ara militaris;1;4;Animalia;Aves;Psittaciformes;Psittacidae;Ara;militaris;Japan;JPN
Ara rubrogenys;2;4;Animalia;Aves;Psittaciformes;Psittacidae;Ara;rubrogenys;Bolivia, Plurinational State of;BOL
Ara rubrogenys;1;4;Animalia;Aves;Psittaciformes;Psittacidae;Ara;rubrogenys;United Kingdom;GBR
Asarcornis scutulata;1;1;Animalia;Aves;Anseriformes;Anatidae;Asarcornis;scutulata;India;IND
Astrochelys radiata;8;14;Animalia;Reptilia;Testudines;Testudinidae;Astrochelys;radiata;Madagascar;MDG
Astrochelys radiata;2;14;Animalia;Reptilia;Testudines;Testudinidae;Astrochelys;radiata;Hong Kong;HKG
Astrochelys radiata;1;14;Animalia;Reptilia;Testudines;Testudinidae;Astrochelys;radiata;Mexico;MEX
Astrochelys yniphora;3;5;Animalia;Reptilia;Testudines;Testudinidae;Astrochelys;yniphora;Madagascar;MDG
Astrochelys yniphora;1;5;Animalia;Reptilia;Testudines;Testudinidae;Astrochelys;yniphora;Hong Kong;HKG
Astrochelys yniphora;1;5;Animalia;Reptilia;Testudines;Testudinidae;Astrochelys;yniphora;Jersey;JEY
Astrochelys yniphora;1;5;Animalia;Reptilia;Testudines;Testudinidae;Astrochelys;yniphora;Tanzania, United Republic of;TZA
Astrochelys yniphora;1;5;Animalia;Reptilia;Testudines;Testudinidae;Astrochelys;yniphora;United Kingdom;GBR
Astrochelys yniphora;1;5;Animalia;Reptilia;Testudines;Testudinidae;Astrochelys;yniphora;United States;USA
Astrophytum asterias;1;1;Plantae;;Caryophyllales;Cactaceae;Astrophytum;asterias;China;CHN
Atelopus zeteki;2;6;Animalia;Amphibia;Anura;Bufonidae;Atelopus;zeteki;Panama;PAN
Atelopus zeteki;1;6;Animalia;Amphibia;Anura;Bufonidae;Atelopus;zeteki;Australia;AUS
Atelopus zeteki;1;6;Animalia;Amphibia;Anura;Bufonidae;Atelopus;zeteki;Canada;CAN
Atelopus zeteki;1;6;Animalia;Amphibia;Anura;Bufonidae;Atelopus;zeteki;Colombia;COL
Atelopus zeteki;1;6;Animalia;Amphibia;Anura;Bufonidae;Atelopus;zeteki;New Zealand;NZL
Atelopus zeteki;1;6;Animalia;Amphibia;Anura;Bufonidae;Atelopus;zeteki;United Kingdom;GBR
Babyrousa babyrussa;6;12;Animalia;Mammalia;Artiodactyla;Suidae;Babyrousa;babyrussa;Indonesia;IDN
Babyrousa babyrussa;4;12;Animalia;Mammalia;Artiodactyla;Suidae;Babyrousa;babyrussa;United Kingdom;GBR
Babyrousa babyrussa;1;12;Animalia;Mammalia;Artiodactyla;Suidae;Babyrousa;babyrussa;Australia;AUS
Babyrousa babyrussa;1;12;Animalia;Mammalia;Artiodactyla;Suidae;Babyrousa;babyrussa;Cambodia;KHM
Babyrousa babyrussa;1;12;Animalia;Mammalia;Artiodactyla;Suidae;Babyrousa;babyrussa;Congo, The Democratic Republic of the;COD
Babyrousa babyrussa;1;12;Animalia;Mammalia;Artiodactyla;Suidae;Babyrousa;babyrussa;India;IND
Babyrousa babyrussa;1;12;Animalia;Mammalia;Artiodactyla;Suidae;Babyrousa;babyrussa;Nepal;NPL
Babyrousa babyrussa;1;12;Animalia;Mammalia;Artiodactyla;Suidae;Babyrousa;babyrussa;Pakistan;PAK
Babyrousa babyrussa;1;12;Animalia;Mammalia;Artiodactyla;Suidae;Babyrousa;babyrussa;Peru;PER
Babyrousa babyrussa;1;12;Animalia;Mammalia;Artiodactyla;Suidae;Babyrousa;babyrussa;Uganda;UGA
Babyrousa babyrussa;1;12;Animalia;Mammalia;Artiodactyla;Suidae;Babyrousa;babyrussa;United States;USA
Babyrousa celebensis;3;4;Animalia;Mammalia;Artiodactyla;Suidae;Babyrousa;celebensis;Indonesia;IDN
Babyrousa celebensis;2;4;Animalia;Mammalia;Artiodactyla;Suidae;Babyrousa;celebensis;Costa Rica;CRI
Babyrousa celebensis;2;4;Animalia;Mammalia;Artiodactyla;Suidae;Babyrousa;celebensis;Panama;PAN
Babyrousa celebensis;2;4;Animalia;Mammalia;Artiodactyla;Suidae;Babyrousa;celebensis;Papua New Guinea;PNG
Batagur affinis;1;2;Animalia;Reptilia;Testudines;Geoemydidae;Batagur;affinis;Argentina;ARG
Batagur affinis;1;2;Animalia;Reptilia;Testudines;Geoemydidae;Batagur;affinis;Belgium;BEL
Batagur affinis;1;2;Animalia;Reptilia;Testudines;Geoemydidae;Batagur;affinis;Bolivia, Plurinational State of;BOL
Batagur affinis;1;2;Animalia;Reptilia;Testudines;Geoemydidae;Batagur;affinis;Japan;JPN
Batagur affinis;1;2;Animalia;Reptilia;Testudines;Geoemydidae;Batagur;affinis;Madagascar;MDG
Batagur affinis;1;2;Animalia;Reptilia;Testudines;Geoemydidae;Batagur;affinis;Malaysia;MYS
Batagur affinis;1;2;Animalia;Reptilia;Testudines;Geoemydidae;Batagur;affinis;Paraguay;PRY
Batagur affinis;1;2;Animalia;Reptilia;Testudines;Geoemydidae;Batagur;affinis;Singapore;SGP
Batagur baska;3;4;Animalia;Reptilia;Testudines;Geoemydidae;Batagur;baska;United Kingdom;GBR
Batagur baska;2;4;Animalia;Reptilia;Testudines;Geoemydidae;Batagur;baska;Canada;CAN
Batagur baska;1;4;Animalia;Reptilia;Testudines;Geoemydidae;Batagur;baska;India;IND
Berardius bairdii;1;1;Animalia;Mammalia;Cetacea;Ziphiidae;Berardius;bairdii;New Zealand;NZL
Bettongia penicillata;1;1;Animalia;Mammalia;Diprotodontia;Potoroidae;Bettongia;penicillata;Australia;AUS
Brachylophus fasciatus;1;2;Animalia;Reptilia;Sauria;Iguanidae;Brachylophus;fasciatus;Fiji;FJI
Brachylophus fasciatus;1;2;Animalia;Reptilia;Sauria;Iguanidae;Brachylophus;fasciatus;Germany;DEU
Brachylophus fasciatus;1;2;Animalia;Reptilia;Sauria;Iguanidae;Brachylophus;fasciatus;Madagascar;MDG
Brachylophus fasciatus;1;2;Animalia;Reptilia;Sauria;Iguanidae;Brachylophus;fasciatus;Nepal;NPL
Brachylophus fasciatus;1;2;Animalia;Reptilia;Sauria;Iguanidae;Brachylophus;fasciatus;Peru;PER
Brachylophus fasciatus;1;2;Animalia;Reptilia;Sauria;Iguanidae;Brachylophus;fasciatus;South Africa;ZAF
Brachylophus fasciatus;1;2;Animalia;Reptilia;Sauria;Iguanidae;Brachylophus;fasciatus;United Kingdom;GBR
Brachylophus vitiensis;2;3;Animalia;Reptilia;Sauria;Iguanidae;Brachylophus;vitiensis;Guatemala;GTM
Brachylophus vitiensis;2;3;Animalia;Reptilia;Sauria;Iguanidae;Brachylophus;vitiensis;Guyana;GUY
Brachylophus vitiensis;1;3;Animalia;Reptilia;Sauria;Iguanidae;Brachylophus;vitiensis;Australia;AUS
Brachylophus vitiensis;1;3;Animalia;Reptilia;Sauria;Iguanidae;Brachylophus;vitiensis;Brazil;BRA
Brachylophus vitiensis;1;3;Animalia;Reptilia;Sauria;Iguanidae;Brachylophus;vitiensis;Fiji;FJI
Brachylophus vitiensis;1;3;Animalia;Reptilia;Sauria;Iguanidae;Brachylophus;vitiensis;Indonesia;IDN
Brachylophus vitiensis;1;3;Animalia;Reptilia;Sauria;Iguanidae;Brachylophus;vitiensis;Madagascar;MDG
Brachylophus vitiensis;1;3;Animalia;Reptilia;Sauria;Iguanidae;Brachylophus;vitiensis;Malaysia;MYS
Brachylophus vitiensis;1;3;Animalia;Reptilia;Sauria;Iguanidae;Brachylophus;vitiensis;Maldives;MDV
Brachylophus vitiensis;1;3;Animalia;Reptilia;Sauria;Iguanidae;Brachylophus;vitiensis;Tanzania, United Republic of;TZA
Brachylophus vitiensis;1;3;Animalia;Reptilia;Sauria;Iguanidae;Brachylophus;vitiensis;United States;USA
Bubalus depressicornis;2;4;Animalia;Mammalia;Artiodactyla;Bovidae;Bubalus;depressicornis;Indonesia;IDN
Bubalus depressicornis;1;4;Animalia;Mammalia;Artiodactyla;Bovidae;Bubalus;depressicornis;Cambodia;KHM
Bubalus depressicornis;1;4;Animalia;Mammalia;Artiodactyla;Bovidae;Bubalus;depressicornis;Germany;DEU
Bubalus depressicornis;1;4;Animalia;Mammalia;Artiodactyla;Bovidae;Bubalus;depressicornis;Philippines;PHL
Bubalus depressicornis;1;4;Animalia;Mammalia;Artiodactyla;Bovidae;Bubalus;depressicornis;United Kingdom;GBR
Bubalus depressicornis;1;4;Animalia;Mammalia;Artiodactyla;Bovidae;Bubalus;depressicornis;United States;USA
Bunopithecus hoolock;1;1;Animalia;Mammalia;Primates;Hylobatidae;Bunopithecus;hoolock;India;IND
Cacatua haematuropygia;1;1;Animalia;Aves;Psittaciformes;Cacatuidae;Cacatua;haematuropygia;Philippines;PHL
Cacatua haematuropygia;1;1;Animalia;Aves;Psittaciformes;Cacatuidae;Cacatua;haematuropygia;United Kingdom;GBR
Cacatua moluccensis;1;2;Animalia;Aves;Psittaciformes;Cacatuidae;Cacatua;moluccensis;Argentina;ARG
Cacatua moluccensis;1;2;Animalia;Aves;Psittaciformes;Cacatuidae;Cacatua;moluccensis;Brazil;BRA
Cacatua moluccensis;1;2;Animalia;Aves;Psittaciformes;Cacatuidae;Cacatua;moluccensis;Cambodia;KHM
Cacatua moluccensis;1;2;Animalia;Aves;Psittaciformes;Cacatuidae;Cacatua;moluccensis;China;CHN
Cacatua moluccensis;1;2;Animalia;Aves;Psittaciformes;Cacatuidae;Cacatua;moluccensis;India;IND
Cacatua moluccensis;1;2;Animalia;Aves;Psittaciformes;Cacatuidae;Cacatua;moluccensis;Korea, Democratic People's Republic of;PRK
Cacatua moluccensis;1;2;Animalia;Aves;Psittaciformes;Cacatuidae;Cacatua;moluccensis;Malaysia;MYS
Cacatua moluccensis;1;2;Animalia;Aves;Psittaciformes;Cacatuidae;Cacatua;moluccensis;Mongolia;MNG
Cacatua moluccensis;1;2;Animalia;Aves;Psittaciformes;Cacatuidae;Cacatua;moluccensis;Thailand;THA
Cacatua moluccensis;1;2;Animalia;Aves;Psittaciformes;Cacatuidae;Cacatua;moluccensis;United States;USA
Cacatua sulphurea;1;2;Animalia;Aves;Psittaciformes;Cacatuidae;Cacatua;sulphurea;India;IND
Cacatua sulphurea;1;2;Animalia;Aves;Psittaciformes;Cacatuidae;Cacatua;sulphurea;Thailand;THA
Callimico goeldii;2;13;Animalia;Mammalia;Primates;Cebidae;Callimico;goeldii;China;CHN
Callimico goeldii;2;13;Animalia;Mammalia;Primates;Cebidae;Callimico;goeldii;Ireland;IRL
Callimico goeldii;2;13;Animalia;Mammalia;Primates;Cebidae;Callimico;goeldii;United States;USA
Callimico goeldii;1;13;Animalia;Mammalia;Primates;Cebidae;Callimico;goeldii;Brazil;BRA
Callimico goeldii;1;13;Animalia;Mammalia;Primates;Cebidae;Callimico;goeldii;Germany;DEU
Callimico goeldii;1;13;Animalia;Mammalia;Primates;Cebidae;Callimico;goeldii;Madagascar;MDG
Callimico goeldii;1;13;Animalia;Mammalia;Primates;Cebidae;Callimico;goeldii;Mexico;MEX
Callimico goeldii;1;13;Animalia;Mammalia;Primates;Cebidae;Callimico;goeldii;Netherlands;NLD
Callimico goeldii;1;13;Animalia;Mammalia;Primates;Cebidae;Callimico;goeldii;Norway;NOR
Callimico goeldii;1;13;Animalia;Mammalia;Primates;Cebidae;Callimico;goeldii;Peru;PER
Callimico goeldii;1;13;Animalia;Mammalia;Primates;Cebidae;Callimico;goeldii;Russian Federation;RUS
Callimico goeldii;1;13;Animalia;Mammalia;Primates;Cebidae;Callimico;goeldii;Sweden;SWE
Callimico goeldii;1;13;Animalia;Mammalia;Primates;Cebidae;Callimico;goeldii;Viet Nam;VNM
Caloenas nicobarica;1;5;Animalia;Aves;Columbiformes;Columbidae;Caloenas;nicobarica;Guinea;GIN
Caloenas nicobarica;1;5;Animalia;Aves;Columbiformes;Columbidae;Caloenas;nicobarica;Mauritius;MUS
Caloenas nicobarica;1;5;Animalia;Aves;Columbiformes;Columbidae;Caloenas;nicobarica;Turkey;TUR
Caloenas nicobarica;1;5;Animalia;Aves;Columbiformes;Columbidae;Caloenas;nicobarica;United States;USA
Canis lupus;3;9;Animalia;Mammalia;Carnivora;Canidae;Canis;lupus;Mexico;MEX
Capricornis rubidus;1;1;Animalia;Mammalia;Artiodactyla;Bovidae;Capricornis;rubidus;India;IND
Capricornis sumatraensis;1;1;Animalia;Mammalia;Artiodactyla;Bovidae;Capricornis;sumatraensis;Bangladesh;BGD
Caracal caracal;2;2;Animalia;Mammalia;Carnivora;Felidae;Caracal;caracal;Australia;AUS
Caracal caracal;2;2;Animalia;Mammalia;Carnivora;Felidae;Caracal;caracal;India;IND
Caracal caracal;2;2;Animalia;Mammalia;Carnivora;Felidae;Caracal;caracal;South Africa;ZAF
Catagonus wagneri;4;5;Animalia;Mammalia;Artiodactyla;Tayassuidae;Catagonus;wagneri;Bolivia, Plurinational State of;BOL
Catagonus wagneri;4;5;Animalia;Mammalia;Artiodactyla;Tayassuidae;Catagonus;wagneri;Paraguay;PRY
Catagonus wagneri;3;5;Animalia;Mammalia;Artiodactyla;Tayassuidae;Catagonus;wagneri;Argentina;ARG
Catagonus wagneri;1;5;Animalia;Mammalia;Artiodactyla;Tayassuidae;Catagonus;wagneri;China;CHN
Ceratotherium simum;4;15;Animalia;Mammalia;Perissodactyla;Rhinocerotidae;Ceratotherium;simum;South Africa;ZAF
Ceratotherium simum;3;15;Animalia;Mammalia;Perissodactyla;Rhinocerotidae;Ceratotherium;simum;India;IND
Ceratotherium simum;2;15;Animalia;Mammalia;Perissodactyla;Rhinocerotidae;Ceratotherium;simum;Australia;AUS
Ceratotherium simum;2;15;Animalia;Mammalia;Perissodactyla;Rhinocerotidae;Ceratotherium;simum;Indonesia;IDN
Ceratotherium simum;2;15;Animalia;Mammalia;Perissodactyla;Rhinocerotidae;Ceratotherium;simum;Korea, Republic of;KOR
Ceratotherium simum;2;15;Animalia;Mammalia;Perissodactyla;Rhinocerotidae;Ceratotherium;simum;Thailand;THA
Ceratotherium simum;1;15;Animalia;Mammalia;Perissodactyla;Rhinocerotidae;Ceratotherium;simum;Belgium;BEL
Ceratotherium simum;1;15;Animalia;Mammalia;Perissodactyla;Rhinocerotidae;Ceratotherium;simum;Kenya;KEN
Ceratotherium simum;1;15;Animalia;Mammalia;Perissodactyla;Rhinocerotidae;Ceratotherium;simum;Namibia;NAM
Ceratotherium simum;1;15;Animalia;Mammalia;Perissodactyla;Rhinocerotidae;Ceratotherium;simum;Nepal;NPL
Ceratotherium simum;1;15;Animalia;Mammalia;Perissodactyla;Rhinocerotidae;Ceratotherium;simum;Singapore;SGP
Ceratotherium simum;1;15;Animalia;Mammalia;Perissodactyla;Rhinocerotidae;Ceratotherium;simum;Switzerland;CHE
Ceratotherium simum;1;15;Animalia;Mammalia;Perissodactyla;Rhinocerotidae;Ceratotherium;simum;Zimbabwe;ZWE
Ceratotherium simum simum;3;8;Animalia;Mammalia;Perissodactyla;Rhinocerotidae;Ceratotherium;simum;South Africa;ZAF
Ceratotherium simum simum;2;8;Animalia;Mammalia;Perissodactyla;Rhinocerotidae;Ceratotherium;simum;Kenya;KEN
Ceratotherium simum simum;2;8;Animalia;Mammalia;Perissodactyla;Rhinocerotidae;Ceratotherium;simum;Sudan;SDN
Ceratotherium simum simum;1;8;Animalia;Mammalia;Perissodactyla;Rhinocerotidae;Ceratotherium;simum;Central African Republic;CAF
Ceratotherium simum simum;1;8;Animalia;Mammalia;Perissodactyla;Rhinocerotidae;Ceratotherium;simum;Chad;TCD
Ceratotherium simum simum;1;8;Animalia;Mammalia;Perissodactyla;Rhinocerotidae;Ceratotherium;simum;China;CHN
Ceratotherium simum simum;1;8;Animalia;Mammalia;Perissodactyla;Rhinocerotidae;Ceratotherium;simum;Congo;COG
Ceratotherium simum simum;1;8;Animalia;Mammalia;Perissodactyla;Rhinocerotidae;Ceratotherium;simum;Namibia;NAM
Ceratotherium simum simum;1;8;Animalia;Mammalia;Perissodactyla;Rhinocerotidae;Ceratotherium;simum;Uganda;UGA
Ceratotherium simum simum;1;8;Animalia;Mammalia;Perissodactyla;Rhinocerotidae;Ceratotherium;simum;Zimbabwe;ZWE
Cercopithecus diana;2;2;Animalia;Mammalia;Primates;Cercopithecidae;Cercopithecus;diana;United Kingdom;GBR
Crocodylus cataphractus;3;3;Animalia;Reptilia;Crocodylia;Crocodylidae;Crocodylus;cataphractus;United States;USA
Crocodylus cataphractus;1;3;Animalia;Reptilia;Crocodylia;Crocodylidae;Crocodylus;cataphractus;CÃ´te d'Ivoire;CIV
Crocodylus cataphractus;1;3;Animalia;Reptilia;Crocodylia;Crocodylidae;Crocodylus;cataphractus;El Salvador;SLV
Crocodylus cataphractus;1;3;Animalia;Reptilia;Crocodylia;Crocodylidae;Crocodylus;cataphractus;Gambia;GMB
Crocodylus cataphractus;1;3;Animalia;Reptilia;Crocodylia;Crocodylidae;Crocodylus;cataphractus;India;IND
Crocodylus cataphractus;1;3;Animalia;Reptilia;Crocodylia;Crocodylidae;Crocodylus;cataphractus;Ireland;IRL
Crocodylus cataphractus;1;3;Animalia;Reptilia;Crocodylia;Crocodylidae;Crocodylus;cataphractus;Mexico;MEX
Crocodylus cataphractus;1;3;Animalia;Reptilia;Crocodylia;Crocodylidae;Crocodylus;cataphractus;Nigeria;NGA
Crocodylus cataphractus;1;3;Animalia;Reptilia;Crocodylia;Crocodylidae;Crocodylus;cataphractus;Senegal;SEN
Crocodylus cataphractus;1;3;Animalia;Reptilia;Crocodylia;Crocodylidae;Crocodylus;cataphractus;Uganda;UGA
Crocodylus mindorensis;3;7;Animalia;Reptilia;Crocodylia;Crocodylidae;Crocodylus;mindorensis;Philippines;PHL
Crocodylus mindorensis;2;7;Animalia;Reptilia;Crocodylia;Crocodylidae;Crocodylus;mindorensis;Switzerland;CHE
Crocodylus mindorensis;1;7;Animalia;Reptilia;Crocodylia;Crocodylidae;Crocodylus;mindorensis;Australia;AUS
Crocodylus mindorensis;1;7;Animalia;Reptilia;Crocodylia;Crocodylidae;Crocodylus;mindorensis;Sri Lanka;LKA
Crocodylus palustris;1;2;Animalia;Reptilia;Crocodylia;Crocodylidae;Crocodylus;palustris;India;IND
Crocodylus palustris;1;2;Animalia;Reptilia;Crocodylia;Crocodylidae;Crocodylus;palustris;Singapore;SGP
Crocodylus porosus;1;5;Animalia;Reptilia;Crocodylia;Crocodylidae;Crocodylus;porosus;Australia;AUS
Crocodylus porosus;1;5;Animalia;Reptilia;Crocodylia;Crocodylidae;Crocodylus;porosus;Turkey;TUR
Crocodylus rhombifer;2;4;Animalia;Reptilia;Crocodylia;Crocodylidae;Crocodylus;rhombifer;Cuba;CUB
Crocodylus rhombifer;1;4;Animalia;Reptilia;Crocodylia;Crocodylidae;Crocodylus;rhombifer;India;IND
Crocodylus siamensis;2;3;Animalia;Reptilia;Crocodylia;Crocodylidae;Crocodylus;siamensis;Cambodia;KHM
Crocodylus siamensis;2;3;Animalia;Reptilia;Crocodylia;Crocodylidae;Crocodylus;siamensis;United States;USA
Crossoptilon crossoptilon;1;1;Animalia;Aves;Galliformes;Phasianidae;Crossoptilon;crossoptilon;China;CHN
Cuora bourreti;1;1;Animalia;Reptilia;Testudines;Geoemydidae;Cuora;bourreti;Viet Nam;VNM
Cyclura collei;2;2;Animalia;Reptilia;Sauria;Iguanidae;Cyclura;collei;Jamaica;JAM
Cyclura cornuta;1;3;Animalia;Reptilia;Sauria;Iguanidae;Cyclura;cornuta;Argentina;ARG
Cyclura cornuta;1;3;Animalia;Reptilia;Sauria;Iguanidae;Cyclura;cornuta;France;FRA
Cyclura lewisi;2;3;Animalia;Reptilia;Sauria;Iguanidae;Cyclura;lewisi;United States;USA
Cyclura lewisi;1;3;Animalia;Reptilia;Sauria;Iguanidae;Cyclura;lewisi;Cayman Islands;CYM
Cyclura lewisi;1;3;Animalia;Reptilia;Sauria;Iguanidae;Cyclura;lewisi;Congo, The Democratic Republic of the;COD
Cyclura lewisi;1;3;Animalia;Reptilia;Sauria;Iguanidae;Cyclura;lewisi;Denmark;DNK
Cyclura lewisi;1;3;Animalia;Reptilia;Sauria;Iguanidae;Cyclura;lewisi;India;IND
Cyclura lewisi;1;3;Animalia;Reptilia;Sauria;Iguanidae;Cyclura;lewisi;Madagascar;MDG
Cyclura lewisi;1;3;Animalia;Reptilia;Sauria;Iguanidae;Cyclura;lewisi;New Zealand;NZL
Daubentonia madagascariensis;3;3;Animalia;Mammalia;Primates;Daubentoniidae;Daubentonia;madagascariensis;Madagascar;MDG
Daubentonia madagascariensis;2;3;Animalia;Mammalia;Primates;Daubentoniidae;Daubentonia;madagascariensis;United States;USA
Diceros bicornis;1;9;Animalia;Mammalia;Perissodactyla;Rhinocerotidae;Diceros;bicornis;France;FRA
Diceros bicornis;1;9;Animalia;Mammalia;Perissodactyla;Rhinocerotidae;Diceros;bicornis;Japan;JPN
Diceros bicornis;1;9;Animalia;Mammalia;Perissodactyla;Rhinocerotidae;Diceros;bicornis;United States;USA
Diceros bicornis;1;9;Animalia;Mammalia;Perissodactyla;Rhinocerotidae;Diceros;bicornis;Viet Nam;VNM
Elephas maximus;5;13;Animalia;Mammalia;Proboscidea;Elephantidae;Elephas;maximus;India;IND
Elephas maximus;3;13;Animalia;Mammalia;Proboscidea;Elephantidae;Elephas;maximus;Belgium;BEL
Elephas maximus;3;13;Animalia;Mammalia;Proboscidea;Elephantidae;Elephas;maximus;Thailand;THA
Elephas maximus;2;13;Animalia;Mammalia;Proboscidea;Elephantidae;Elephas;maximus;Brazil;BRA
Elephas maximus;2;13;Animalia;Mammalia;Proboscidea;Elephantidae;Elephas;maximus;Pakistan;PAK
Elephas maximus;2;13;Animalia;Mammalia;Proboscidea;Elephantidae;Elephas;maximus;United States;USA
Elephas maximus;1;13;Animalia;Mammalia;Proboscidea;Elephantidae;Elephas;maximus;Argentina;ARG
Elephas maximus;1;13;Animalia;Mammalia;Proboscidea;Elephantidae;Elephas;maximus;Indonesia;IDN
Elephas maximus;1;13;Animalia;Mammalia;Proboscidea;Elephantidae;Elephas;maximus;Malaysia;MYS
Elephas maximus;1;13;Animalia;Mammalia;Proboscidea;Elephantidae;Elephas;maximus;Myanmar;MMR
Elephas maximus;1;13;Animalia;Mammalia;Proboscidea;Elephantidae;Elephas;maximus;Sri Lanka;LKA
Elephas maximus;1;13;Animalia;Mammalia;Proboscidea;Elephantidae;Elephas;maximus;United Kingdom;GBR
Equus africanus;1;3;Animalia;Mammalia;Perissodactyla;Equidae;Equus;africanus;Eritrea;ERI
Equus africanus;1;3;Animalia;Mammalia;Perissodactyla;Equidae;Equus;africanus;Ethiopia;ETH
Equus africanus;1;3;Animalia;Mammalia;Perissodactyla;Equidae;Equus;africanus;Kenya;KEN
Equus africanus;1;3;Animalia;Mammalia;Perissodactyla;Equidae;Equus;africanus;Somalia;SOM
Equus africanus;1;3;Animalia;Mammalia;Perissodactyla;Equidae;Equus;africanus;United Kingdom;GBR
Equus grevyi;9;19;Animalia;Mammalia;Perissodactyla;Equidae;Equus;grevyi;Ethiopia;ETH
Equus grevyi;9;19;Animalia;Mammalia;Perissodactyla;Equidae;Equus;grevyi;Kenya;KEN
Equus grevyi;4;19;Animalia;Mammalia;Perissodactyla;Equidae;Equus;grevyi;United Kingdom;GBR
Equus grevyi;3;19;Animalia;Mammalia;Perissodactyla;Equidae;Equus;grevyi;Somalia;SOM
Equus grevyi;2;19;Animalia;Mammalia;Perissodactyla;Equidae;Equus;grevyi;Sudan;SDN
Equus grevyi;1;19;Animalia;Mammalia;Perissodactyla;Equidae;Equus;grevyi;Djibouti;DJI
Equus grevyi;1;19;Animalia;Mammalia;Perissodactyla;Equidae;Equus;grevyi;France;FRA
Equus grevyi;1;19;Animalia;Mammalia;Perissodactyla;Equidae;Equus;grevyi;United States;USA
Equus przewalskii;8;13;Animalia;Mammalia;Perissodactyla;Equidae;Equus;przewalskii;Mongolia;MNG
Equus przewalskii;5;13;Animalia;Mammalia;Perissodactyla;Equidae;Equus;przewalskii;China;CHN
Equus przewalskii;3;13;Animalia;Mammalia;Perissodactyla;Equidae;Equus;przewalskii;Kazakhstan;KAZ
Equus przewalskii;2;13;Animalia;Mammalia;Perissodactyla;Equidae;Equus;przewalskii;Russian Federation;RUS
Equus przewalskii;1;13;Animalia;Mammalia;Perissodactyla;Equidae;Equus;przewalskii;Bahrain;BHR
Equus przewalskii;1;13;Animalia;Mammalia;Perissodactyla;Equidae;Equus;przewalskii;Egypt;EGY
Equus przewalskii;1;13;Animalia;Mammalia;Perissodactyla;Equidae;Equus;przewalskii;Jordan;JOR
Equus przewalskii;1;13;Animalia;Mammalia;Perissodactyla;Equidae;Equus;przewalskii;Oman;OMN
Equus przewalskii;1;13;Animalia;Mammalia;Perissodactyla;Equidae;Equus;przewalskii;Qatar;QAT
Equus przewalskii;1;13;Animalia;Mammalia;Perissodactyla;Equidae;Equus;przewalskii;Saudi Arabia;SAU
Equus przewalskii;1;13;Animalia;Mammalia;Perissodactyla;Equidae;Equus;przewalskii;Syrian Arab Republic;SYR
Equus przewalskii;1;13;Animalia;Mammalia;Perissodactyla;Equidae;Equus;przewalskii;United Kingdom;GBR
Equus przewalskii;1;13;Animalia;Mammalia;Perissodactyla;Equidae;Equus;przewalskii;United States;USA
Equus przewalskii;1;13;Animalia;Mammalia;Perissodactyla;Equidae;Equus;przewalskii;Uzbekistan;UZB
Eubalaena glacialis;1;1;Animalia;Mammalia;Cetacea;Balaenidae;Eubalaena;glacialis;Canada;CAN
Eubalaena glacialis;1;1;Animalia;Mammalia;Cetacea;Balaenidae;Eubalaena;glacialis;Jersey;JEY
Eubalaena glacialis;1;1;Animalia;Mammalia;Cetacea;Balaenidae;Eubalaena;glacialis;Kenya;KEN
Eubalaena glacialis;1;1;Animalia;Mammalia;Cetacea;Balaenidae;Eubalaena;glacialis;Mexico;MEX
Eubalaena glacialis;1;1;Animalia;Mammalia;Cetacea;Balaenidae;Eubalaena;glacialis;Philippines;PHL
Eubalaena glacialis;1;1;Animalia;Mammalia;Cetacea;Balaenidae;Eubalaena;glacialis;Tanzania, United Republic of;TZA
Eubalaena glacialis;1;1;Animalia;Mammalia;Cetacea;Balaenidae;Eubalaena;glacialis;United States;USA
Eulemur collaris;1;1;Animalia;Mammalia;Primates;Lemuridae;Eulemur;collaris;Madagascar;MDG
Eulemur coronatus;11;11;Animalia;Mammalia;Primates;Lemuridae;Eulemur;coronatus;Madagascar;MDG
Eulemur coronatus;4;11;Animalia;Mammalia;Primates;Lemuridae;Eulemur;coronatus;United Kingdom;GBR
Eulemur coronatus;2;11;Animalia;Mammalia;Primates;Lemuridae;Eulemur;coronatus;France;FRA
Eulemur coronatus;2;11;Animalia;Mammalia;Primates;Lemuridae;Eulemur;coronatus;Mexico;MEX
Eulemur coronatus;2;11;Animalia;Mammalia;Primates;Lemuridae;Eulemur;coronatus;Netherlands;NLD
Eulemur coronatus;1;11;Animalia;Mammalia;Primates;Lemuridae;Eulemur;coronatus;Argentina;ARG
Eulemur coronatus;1;11;Animalia;Mammalia;Primates;Lemuridae;Eulemur;coronatus;Australia;AUS
Eulemur coronatus;1;11;Animalia;Mammalia;Primates;Lemuridae;Eulemur;coronatus;Austria;AUT
Eulemur coronatus;1;11;Animalia;Mammalia;Primates;Lemuridae;Eulemur;coronatus;Belgium;BEL
Eulemur coronatus;1;11;Animalia;Mammalia;Primates;Lemuridae;Eulemur;coronatus;Brazil;BRA
Eulemur coronatus;1;11;Animalia;Mammalia;Primates;Lemuridae;Eulemur;coronatus;Canada;CAN
Eulemur coronatus;1;11;Animalia;Mammalia;Primates;Lemuridae;Eulemur;coronatus;China;CHN
Eulemur coronatus;1;11;Animalia;Mammalia;Primates;Lemuridae;Eulemur;coronatus;Colombia;COL
Eulemur coronatus;1;11;Animalia;Mammalia;Primates;Lemuridae;Eulemur;coronatus;Congo;COG
Eulemur coronatus;1;11;Animalia;Mammalia;Primates;Lemuridae;Eulemur;coronatus;Croatia;HRV
Eulemur coronatus;1;11;Animalia;Mammalia;Primates;Lemuridae;Eulemur;coronatus;Czechia;CZE
Eulemur coronatus;1;11;Animalia;Mammalia;Primates;Lemuridae;Eulemur;coronatus;Germany;DEU
Eulemur coronatus;1;11;Animalia;Mammalia;Primates;Lemuridae;Eulemur;coronatus;Greece;GRC
Eulemur coronatus;1;11;Animalia;Mammalia;Primates;Lemuridae;Eulemur;coronatus;Guatemala;GTM
Eulemur coronatus;1;11;Animalia;Mammalia;Primates;Lemuridae;Eulemur;coronatus;Guinea;GIN
Eulemur coronatus;1;11;Animalia;Mammalia;Primates;Lemuridae;Eulemur;coronatus;Honduras;HND
Eulemur coronatus;1;11;Animalia;Mammalia;Primates;Lemuridae;Eulemur;coronatus;Hungary;HUN
Eulemur coronatus;1;11;Animalia;Mammalia;Primates;Lemuridae;Eulemur;coronatus;Indonesia;IDN
Eulemur coronatus;1;11;Animalia;Mammalia;Primates;Lemuridae;Eulemur;coronatus;Ireland;IRL
Eulemur coronatus;1;11;Animalia;Mammalia;Primates;Lemuridae;Eulemur;coronatus;Israel;ISR
Eulemur coronatus;1;11;Animalia;Mammalia;Primates;Lemuridae;Eulemur;coronatus;Japan;JPN
Eulemur coronatus;1;11;Animalia;Mammalia;Primates;Lemuridae;Eulemur;coronatus;Kenya;KEN
Eulemur coronatus;1;11;Animalia;Mammalia;Primates;Lemuridae;Eulemur;coronatus;Malaysia;MYS
Eulemur coronatus;1;11;Animalia;Mammalia;Primates;Lemuridae;Eulemur;coronatus;Philippines;PHL
Eulemur coronatus;1;11;Animalia;Mammalia;Primates;Lemuridae;Eulemur;coronatus;Poland;POL
Eulemur coronatus;1;11;Animalia;Mammalia;Primates;Lemuridae;Eulemur;coronatus;Spain;ESP
Eulemur coronatus;1;11;Animalia;Mammalia;Primates;Lemuridae;Eulemur;coronatus;Switzerland;CHE
Eulemur coronatus;1;11;Animalia;Mammalia;Primates;Lemuridae;Eulemur;coronatus;Taiwan, Province of China;TWN
Eulemur coronatus;1;11;Animalia;Mammalia;Primates;Lemuridae;Eulemur;coronatus;Thailand;THA
Eulemur coronatus;1;11;Animalia;Mammalia;Primates;Lemuridae;Eulemur;coronatus;Uganda;UGA
Eulemur coronatus;1;11;Animalia;Mammalia;Primates;Lemuridae;Eulemur;coronatus;Yemen;YEM
Eulemur fulvus;1;5;Animalia;Mammalia;Primates;Lemuridae;Eulemur;fulvus;India;IND
Eulemur fulvus;1;5;Animalia;Mammalia;Primates;Lemuridae;Eulemur;fulvus;Israel;ISR
Eulemur fulvus;1;5;Animalia;Mammalia;Primates;Lemuridae;Eulemur;fulvus;Japan;JPN
Eulemur fulvus;1;5;Animalia;Mammalia;Primates;Lemuridae;Eulemur;fulvus;Madagascar;MDG
Eulemur fulvus;1;5;Animalia;Mammalia;Primates;Lemuridae;Eulemur;fulvus;Singapore;SGP
Eulemur fulvus;1;5;Animalia;Mammalia;Primates;Lemuridae;Eulemur;fulvus;Sri Lanka;LKA
Eulemur fulvus;1;5;Animalia;Mammalia;Primates;Lemuridae;Eulemur;fulvus;Taiwan, Province of China;TWN
Eulemur fulvus;1;5;Animalia;Mammalia;Primates;Lemuridae;Eulemur;fulvus;United Kingdom;GBR
Eulemur macaco;6;9;Animalia;Mammalia;Primates;Lemuridae;Eulemur;macaco;Madagascar;MDG
Eulemur macaco;5;9;Animalia;Mammalia;Primates;Lemuridae;Eulemur;macaco;United Kingdom;GBR
Eulemur macaco;2;9;Animalia;Mammalia;Primates;Lemuridae;Eulemur;macaco;Bhutan;BTN
Eulemur macaco;2;9;Animalia;Mammalia;Primates;Lemuridae;Eulemur;macaco;China;CHN
Eulemur macaco;2;9;Animalia;Mammalia;Primates;Lemuridae;Eulemur;macaco;Guinea;GIN
Eulemur macaco;2;9;Animalia;Mammalia;Primates;Lemuridae;Eulemur;macaco;Mexico;MEX
Eulemur macaco;2;9;Animalia;Mammalia;Primates;Lemuridae;Eulemur;macaco;Myanmar;MMR
Eulemur macaco;2;9;Animalia;Mammalia;Primates;Lemuridae;Eulemur;macaco;Nepal;NPL
Eulemur macaco;2;9;Animalia;Mammalia;Primates;Lemuridae;Eulemur;macaco;Uganda;UGA
Eulemur macaco;1;9;Animalia;Mammalia;Primates;Lemuridae;Eulemur;macaco;India;IND
Eulemur macaco;1;9;Animalia;Mammalia;Primates;Lemuridae;Eulemur;macaco;Malaysia;MYS
Eulemur macaco;1;9;Animalia;Mammalia;Primates;Lemuridae;Eulemur;macaco;Netherlands;NLD
Eulemur macaco;1;9;Animalia;Mammalia;Primates;Lemuridae;Eulemur;macaco;Thailand;THA
Eulemur macaco;1;9;Animalia;Mammalia;Primates;Lemuridae;Eulemur;macaco;United Arab Emirates;ARE
Eulemur macaco;1;9;Animalia;Mammalia;Primates;Lemuridae;Eulemur;macaco;United States;USA
Falco punctatus;2;4;Animalia;Aves;Falconiformes;Falconidae;Falco;punctatus;United Kingdom;GBR
Falco punctatus;1;4;Animalia;Aves;Falconiformes;Falconidae;Falco;punctatus;Gabon;GAB
Falco punctatus;1;4;Animalia;Aves;Falconiformes;Falconidae;Falco;punctatus;India;IND
Falco punctatus;1;4;Animalia;Aves;Falconiformes;Falconidae;Falco;punctatus;Iran, Islamic Republic of;IRN
Falco punctatus;1;4;Animalia;Aves;Falconiformes;Falconidae;Falco;punctatus;Israel;ISR
Falco punctatus;1;4;Animalia;Aves;Falconiformes;Falconidae;Falco;punctatus;Jersey;JEY
Falco punctatus;1;4;Animalia;Aves;Falconiformes;Falconidae;Falco;punctatus;Madagascar;MDG
Falco punctatus;1;4;Animalia;Aves;Falconiformes;Falconidae;Falco;punctatus;Mauritius;MUS
Falco punctatus;1;4;Animalia;Aves;Falconiformes;Falconidae;Falco;punctatus;Nepal;NPL
Falco punctatus;1;4;Animalia;Aves;Falconiformes;Falconidae;Falco;punctatus;Nigeria;NGA
Falco punctatus;1;4;Animalia;Aves;Falconiformes;Falconidae;Falco;punctatus;Oman;OMN
Falco punctatus;1;4;Animalia;Aves;Falconiformes;Falconidae;Falco;punctatus;Russian Federation;RUS
Falco punctatus;1;4;Animalia;Aves;Falconiformes;Falconidae;Falco;punctatus;Saudi Arabia;SAU
Falco punctatus;1;4;Animalia;Aves;Falconiformes;Falconidae;Falco;punctatus;South Africa;ZAF
Falco punctatus;1;4;Animalia;Aves;Falconiformes;Falconidae;Falco;punctatus;Uganda;UGA
Falco punctatus;1;4;Animalia;Aves;Falconiformes;Falconidae;Falco;punctatus;United States;USA
Felis nigripes;1;4;Animalia;Mammalia;Carnivora;Felidae;Felis;nigripes;Botswana;BWA
Felis nigripes;1;4;Animalia;Mammalia;Carnivora;Felidae;Felis;nigripes;South Africa;ZAF
Felis nigripes;1;4;Animalia;Mammalia;Carnivora;Felidae;Felis;nigripes;United States;USA
Gavialis gangeticus;2;5;Animalia;Reptilia;Crocodylia;Gavialidae;Gavialis;gangeticus;Bangladesh;BGD
Gavialis gangeticus;2;5;Animalia;Reptilia;Crocodylia;Gavialidae;Gavialis;gangeticus;Bhutan;BTN
Gavialis gangeticus;2;5;Animalia;Reptilia;Crocodylia;Gavialidae;Gavialis;gangeticus;India;IND
Gavialis gangeticus;2;5;Animalia;Reptilia;Crocodylia;Gavialidae;Gavialis;gangeticus;Myanmar;MMR
Gavialis gangeticus;2;5;Animalia;Reptilia;Crocodylia;Gavialidae;Gavialis;gangeticus;Nepal;NPL
Gavialis gangeticus;2;5;Animalia;Reptilia;Crocodylia;Gavialidae;Gavialis;gangeticus;Pakistan;PAK
Gavialis gangeticus;1;5;Animalia;Reptilia;Crocodylia;Gavialidae;Gavialis;gangeticus;United Kingdom;GBR
Geoclemys hamiltonii;1;1;Animalia;Reptilia;Testudines;Geoemydidae;Geoclemys;hamiltonii;India;IND
Geoclemys hamiltonii;1;1;Animalia;Reptilia;Testudines;Geoemydidae;Geoclemys;hamiltonii;Singapore;SGP
Geronticus eremita;2;5;Animalia;Aves;Ciconiiformes;Threskiornithidae;Geronticus;eremita;Spain;ESP
Geronticus eremita;2;5;Animalia;Aves;Ciconiiformes;Threskiornithidae;Geronticus;eremita;United Kingdom;GBR
Geronticus eremita;1;5;Animalia;Aves;Ciconiiformes;Threskiornithidae;Geronticus;eremita;Chad;TCD
Geronticus eremita;1;5;Animalia;Aves;Ciconiiformes;Threskiornithidae;Geronticus;eremita;India;IND
Geronticus eremita;1;5;Animalia;Aves;Ciconiiformes;Threskiornithidae;Geronticus;eremita;Kenya;KEN
Geronticus eremita;1;5;Animalia;Aves;Ciconiiformes;Threskiornithidae;Geronticus;eremita;Mongolia;MNG
Geronticus eremita;1;5;Animalia;Aves;Ciconiiformes;Threskiornithidae;Geronticus;eremita;Nepal;NPL
Geronticus eremita;1;5;Animalia;Aves;Ciconiiformes;Threskiornithidae;Geronticus;eremita;Saudi Arabia;SAU
Geronticus eremita;1;5;Animalia;Aves;Ciconiiformes;Threskiornithidae;Geronticus;eremita;Singapore;SGP
Geronticus eremita;1;5;Animalia;Aves;Ciconiiformes;Threskiornithidae;Geronticus;eremita;Sri Lanka;LKA
Geronticus eremita;1;5;Animalia;Aves;Ciconiiformes;Threskiornithidae;Geronticus;eremita;Thailand;THA
Gorilla beringei;2;3;Animalia;Mammalia;Primates;Hominidae;Gorilla;beringei;Cameroon;CMR
Gorilla beringei;2;3;Animalia;Mammalia;Primates;Hominidae;Gorilla;beringei;Congo;COG
Gorilla beringei;2;3;Animalia;Mammalia;Primates;Hominidae;Gorilla;beringei;Rwanda;RWA
Gorilla beringei;2;3;Animalia;Mammalia;Primates;Hominidae;Gorilla;beringei;Uganda;UGA
Gorilla gorilla;6;23;Animalia;Mammalia;Primates;Hominidae;Gorilla;gorilla;Angola;AGO
Gorilla gorilla;6;23;Animalia;Mammalia;Primates;Hominidae;Gorilla;gorilla;Cameroon;CMR
Gorilla gorilla;6;23;Animalia;Mammalia;Primates;Hominidae;Gorilla;gorilla;Central African Republic;CAF
Gorilla gorilla;6;23;Animalia;Mammalia;Primates;Hominidae;Gorilla;gorilla;Equatorial Guinea;GNQ
Gorilla gorilla;5;23;Animalia;Mammalia;Primates;Hominidae;Gorilla;gorilla;Gabon;GAB
Gorilla gorilla;1;23;Animalia;Mammalia;Primates;Hominidae;Gorilla;gorilla;Congo, The Democratic Republic of the;COD
Gorilla gorilla;1;23;Animalia;Mammalia;Primates;Hominidae;Gorilla;gorilla;Rwanda;RWA
Gorilla gorilla;1;23;Animalia;Mammalia;Primates;Hominidae;Gorilla;gorilla;Uganda;UGA
Gorilla gorilla;1;23;Animalia;Mammalia;Primates;Hominidae;Gorilla;gorilla;United Kingdom;GBR
Grus japonensis;1;1;Animalia;Aves;Gruiformes;Gruidae;Grus;japonensis;China;CHN
Grus leucogeranus;1;1;Animalia;Aves;Gruiformes;Gruidae;Grus;leucogeranus;United States;USA
Grus vipio;1;2;Animalia;Aves;Gruiformes;Gruidae;Grus;vipio;Australia;AUS
Grus vipio;1;2;Animalia;Aves;Gruiformes;Gruidae;Grus;vipio;United States;USA
Gymnogyps californianus;1;4;Animalia;Aves;Falconiformes;Cathartidae;Gymnogyps;californianus;Germany;DEU
Gymnogyps californianus;1;4;Animalia;Aves;Falconiformes;Cathartidae;Gymnogyps;californianus;South Africa;ZAF
Gymnogyps californianus;1;4;Animalia;Aves;Falconiformes;Cathartidae;Gymnogyps;californianus;United States;USA
Hapalemur alaotrensis;1;1;Animalia;Mammalia;Primates;Lemuridae;Hapalemur;alaotrensis;Bolivia, Plurinational State of;BOL
Hapalemur alaotrensis;1;1;Animalia;Mammalia;Primates;Lemuridae;Hapalemur;alaotrensis;Brazil;BRA
Hapalemur alaotrensis;1;1;Animalia;Mammalia;Primates;Lemuridae;Hapalemur;alaotrensis;Paraguay;PRY
Hapalemur alaotrensis;1;1;Animalia;Mammalia;Primates;Lemuridae;Hapalemur;alaotrensis;Philippines;PHL
Hapalemur alaotrensis;1;1;Animalia;Mammalia;Primates;Lemuridae;Hapalemur;alaotrensis;United Kingdom;GBR
Helarctos malayanus;3;5;Animalia;Mammalia;Carnivora;Ursidae;Helarctos;malayanus;Cambodia;KHM
Helarctos malayanus;2;5;Animalia;Mammalia;Carnivora;Ursidae;Helarctos;malayanus;United Kingdom;GBR
Helarctos malayanus;1;5;Animalia;Mammalia;Carnivora;Ursidae;Helarctos;malayanus;Bangladesh;BGD
Helarctos malayanus;1;5;Animalia;Mammalia;Carnivora;Ursidae;Helarctos;malayanus;Brunei Darussalam;BRN
Helarctos malayanus;1;5;Animalia;Mammalia;Carnivora;Ursidae;Helarctos;malayanus;India;IND
Helarctos malayanus;1;5;Animalia;Mammalia;Carnivora;Ursidae;Helarctos;malayanus;Lao People's Democratic Republic;LAO
Helarctos malayanus;1;5;Animalia;Mammalia;Carnivora;Ursidae;Helarctos;malayanus;Malaysia;MYS
Helarctos malayanus;1;5;Animalia;Mammalia;Carnivora;Ursidae;Helarctos;malayanus;Netherlands;NLD
Helarctos malayanus;1;5;Animalia;Mammalia;Carnivora;Ursidae;Helarctos;malayanus;Singapore;SGP
Helarctos malayanus;1;5;Animalia;Mammalia;Carnivora;Ursidae;Helarctos;malayanus;Thailand;THA
Helarctos malayanus;1;5;Animalia;Mammalia;Carnivora;Ursidae;Helarctos;malayanus;Viet Nam;VNM
Hylobates agilis;1;1;Animalia;Mammalia;Primates;Hylobatidae;Hylobates;agilis;France;FRA
Hylobates agilis;1;1;Animalia;Mammalia;Primates;Hylobatidae;Hylobates;agilis;Germany;DEU
Hylobates agilis;1;1;Animalia;Mammalia;Primates;Hylobatidae;Hylobates;agilis;Netherlands;NLD
Hylobates agilis;1;1;Animalia;Mammalia;Primates;Hylobatidae;Hylobates;agilis;Poland;POL
Hylobates agilis;1;1;Animalia;Mammalia;Primates;Hylobatidae;Hylobates;agilis;United States;USA
Hylobates lar;1;9;Animalia;Mammalia;Primates;Hylobatidae;Hylobates;lar;Canada;CAN
Hylobates lar;1;9;Animalia;Mammalia;Primates;Hylobatidae;Hylobates;lar;Thailand;THA
Hylobates lar;1;9;Animalia;Mammalia;Primates;Hylobatidae;Hylobates;lar;United States;USA
Hylobates moloch;5;10;Animalia;Mammalia;Primates;Hylobatidae;Hylobates;moloch;Indonesia;IDN
Hylobates moloch;2;10;Animalia;Mammalia;Primates;Hylobatidae;Hylobates;moloch;Australia;AUS
Hylobates moloch;2;10;Animalia;Mammalia;Primates;Hylobatidae;Hylobates;moloch;United Kingdom;GBR
Hylobates moloch;1;10;Animalia;Mammalia;Primates;Hylobatidae;Hylobates;moloch;Czechia;CZE
Lemur catta;9;17;Animalia;Mammalia;Primates;Lemuridae;Lemur;catta;Madagascar;MDG
Lemur catta;3;17;Animalia;Mammalia;Primates;Lemuridae;Lemur;catta;United States;USA
Lemur catta;1;17;Animalia;Mammalia;Primates;Lemuridae;Lemur;catta;France;FRA
Leontopithecus chrysomelas;3;5;Animalia;Mammalia;Primates;Cebidae;Leontopithecus;chrysomelas;Brazil;BRA
Leontopithecus chrysomelas;1;5;Animalia;Mammalia;Primates;Cebidae;Leontopithecus;chrysomelas;Argentina;ARG
Leontopithecus chrysomelas;1;5;Animalia;Mammalia;Primates;Cebidae;Leontopithecus;chrysomelas;Bolivia, Plurinational State of;BOL
Leontopithecus chrysomelas;1;5;Animalia;Mammalia;Primates;Cebidae;Leontopithecus;chrysomelas;India;IND
Leontopithecus chrysomelas;1;5;Animalia;Mammalia;Primates;Cebidae;Leontopithecus;chrysomelas;Madagascar;MDG
Leontopithecus chrysomelas;1;5;Animalia;Mammalia;Primates;Cebidae;Leontopithecus;chrysomelas;Paraguay;PRY
Leontopithecus chrysomelas;1;5;Animalia;Mammalia;Primates;Cebidae;Leontopithecus;chrysomelas;Philippines;PHL
Leontopithecus rosalia;8;14;Animalia;Mammalia;Primates;Cebidae;Leontopithecus;rosalia;Brazil;BRA
Leontopithecus rosalia;4;14;Animalia;Mammalia;Primates;Cebidae;Leontopithecus;rosalia;United States;USA
Leontopithecus rosalia;2;14;Animalia;Mammalia;Primates;Cebidae;Leontopithecus;rosalia;Germany;DEU
Leontopithecus rosalia;1;14;Animalia;Mammalia;Primates;Cebidae;Leontopithecus;rosalia;France;FRA
Leontopithecus rosalia;1;14;Animalia;Mammalia;Primates;Cebidae;Leontopithecus;rosalia;India;IND
Leontopithecus rosalia;1;14;Animalia;Mammalia;Primates;Cebidae;Leontopithecus;rosalia;Netherlands;NLD
Leontopithecus rosalia;1;14;Animalia;Mammalia;Primates;Cebidae;Leontopithecus;rosalia;Slovakia;SVK
Leopardus jacobita;1;1;Animalia;Mammalia;Carnivora;Felidae;Leopardus;jacobita;United States;USA
Lepilemur septentrionalis;1;1;Animalia;Mammalia;Primates;Lepilemuridae;Lepilemur;septentrionalis;Botswana;BWA
Lepilemur septentrionalis;1;1;Animalia;Mammalia;Primates;Lepilemuridae;Lepilemur;septentrionalis;Costa Rica;CRI
Lepilemur septentrionalis;1;1;Animalia;Mammalia;Primates;Lepilemuridae;Lepilemur;septentrionalis;Egypt;EGY
Lepilemur septentrionalis;1;1;Animalia;Mammalia;Primates;Lepilemuridae;Lepilemur;septentrionalis;Madagascar;MDG
Lepilemur septentrionalis;1;1;Animalia;Mammalia;Primates;Lepilemuridae;Lepilemur;septentrionalis;Mozambique;MOZ
Lepilemur septentrionalis;1;1;Animalia;Mammalia;Primates;Lepilemuridae;Lepilemur;septentrionalis;United States;USA
Leucopsar rothschildi;2;7;Animalia;Aves;Passeriformes;Sturnidae;Leucopsar;rothschildi;United Kingdom;GBR
Leucopsar rothschildi;1;7;Animalia;Aves;Passeriformes;Sturnidae;Leucopsar;rothschildi;Ecuador;ECU
Leucopsar rothschildi;1;7;Animalia;Aves;Passeriformes;Sturnidae;Leucopsar;rothschildi;Indonesia;IDN
Leucopsar rothschildi;1;7;Animalia;Aves;Passeriformes;Sturnidae;Leucopsar;rothschildi;United States;USA
Lophophorus impejanus;1;1;Animalia;Aves;Galliformes;Phasianidae;Lophophorus;impejanus;Kenya;KEN
Lophura edwardsi;1;1;Animalia;Aves;Galliformes;Phasianidae;Lophura;edwardsi;Viet Nam;VNM
Lophura swinhoii;1;1;Animalia;Aves;Galliformes;Phasianidae;Lophura;swinhoii;Turkey;TUR
Lophura swinhoii;1;1;Animalia;Aves;Galliformes;Phasianidae;Lophura;swinhoii;United Kingdom;GBR
Loxodonta africana;7;17;Animalia;Mammalia;Proboscidea;Elephantidae;Loxodonta;africana;United States;USA
Loxodonta africana;3;17;Animalia;Mammalia;Proboscidea;Elephantidae;Loxodonta;africana;United Kingdom;GBR
Loxodonta africana;2;17;Animalia;Mammalia;Proboscidea;Elephantidae;Loxodonta;africana;Botswana;BWA
Loxodonta africana;2;17;Animalia;Mammalia;Proboscidea;Elephantidae;Loxodonta;africana;China;CHN
Loxodonta africana;2;17;Animalia;Mammalia;Proboscidea;Elephantidae;Loxodonta;africana;Zimbabwe;ZWE
Loxodonta africana;1;17;Animalia;Mammalia;Proboscidea;Elephantidae;Loxodonta;africana;Canada;CAN
Loxodonta africana;1;17;Animalia;Mammalia;Proboscidea;Elephantidae;Loxodonta;africana;India;IND
Loxodonta africana;1;17;Animalia;Mammalia;Proboscidea;Elephantidae;Loxodonta;africana;Namibia;NAM
Loxodonta africana;1;17;Animalia;Mammalia;Proboscidea;Elephantidae;Loxodonta;africana;Norway;NOR
Loxodonta africana;1;17;Animalia;Mammalia;Proboscidea;Elephantidae;Loxodonta;africana;Russian Federation;RUS
Loxodonta africana;1;17;Animalia;Mammalia;Proboscidea;Elephantidae;Loxodonta;africana;South Africa;ZAF
Loxodonta africana;1;17;Animalia;Mammalia;Proboscidea;Elephantidae;Loxodonta;africana;Tanzania, United Republic of;TZA
Lutra lutra;2;4;Animalia;Mammalia;Carnivora;Mustelidae;Lutra;lutra;Iran, Islamic Republic of;IRN
Lutra lutra;2;4;Animalia;Mammalia;Carnivora;Mustelidae;Lutra;lutra;Israel;ISR
Lutra lutra;2;4;Animalia;Mammalia;Carnivora;Mustelidae;Lutra;lutra;Lebanon;LBN
Lutra lutra;2;4;Animalia;Mammalia;Carnivora;Mustelidae;Lutra;lutra;Mexico;MEX
Lutra lutra;1;4;Animalia;Mammalia;Carnivora;Mustelidae;Lutra;lutra;Czechia;CZE
Lutra lutra;1;4;Animalia;Mammalia;Carnivora;Mustelidae;Lutra;lutra;France;FRA
Lutra lutra;1;4;Animalia;Mammalia;Carnivora;Mustelidae;Lutra;lutra;Japan;JPN
Lutra lutra;1;4;Animalia;Mammalia;Carnivora;Mustelidae;Lutra;lutra;Poland;POL
Lutra lutra;1;4;Animalia;Mammalia;Carnivora;Mustelidae;Lutra;lutra;Taiwan, Province of China;TWN
Lynx pardinus;1;2;Animalia;Mammalia;Carnivora;Felidae;Lynx;pardinus;Portugal;PRT
Lynx pardinus;1;2;Animalia;Mammalia;Carnivora;Felidae;Lynx;pardinus;Spain;ESP
Macaca silenus;1;2;Animalia;Mammalia;Primates;Cercopithecidae;Macaca;silenus;China;CHN
Macaca silenus;1;2;Animalia;Mammalia;Primates;Cercopithecidae;Macaca;silenus;India;IND
Macaca sylvanus;4;4;Animalia;Mammalia;Primates;Cercopithecidae;Macaca;sylvanus;Morocco;MAR
Macaca sylvanus;3;4;Animalia;Mammalia;Primates;Cercopithecidae;Macaca;sylvanus;Algeria;DZA
Macaca sylvanus;1;4;Animalia;Mammalia;Primates;Cercopithecidae;Macaca;sylvanus;Chad;TCD
Macaca sylvanus;1;4;Animalia;Mammalia;Primates;Cercopithecidae;Macaca;sylvanus;Germany;DEU
Macaca sylvanus;1;4;Animalia;Mammalia;Primates;Cercopithecidae;Macaca;sylvanus;Gibraltar;GIB
Macaca sylvanus;1;4;Animalia;Mammalia;Primates;Cercopithecidae;Macaca;sylvanus;Poland;POL
Macaca sylvanus;1;4;Animalia;Mammalia;Primates;Cercopithecidae;Macaca;sylvanus;Sudan;SDN
Macaca sylvanus;1;4;Animalia;Mammalia;Primates;Cercopithecidae;Macaca;sylvanus;Tunisia;TUN
Macrotis lagotis;2;10;Animalia;Mammalia;Peramelemorphia;Thylacomyidae;Macrotis;lagotis;Australia;AUS
Malacochersus tornieri;1;1;Animalia;Reptilia;Testudines;Testudinidae;Malacochersus;tornieri;Eritrea;ERI
Malacochersus tornieri;1;1;Animalia;Reptilia;Testudines;Testudinidae;Malacochersus;tornieri;Somalia;SOM
Malacochersus tornieri;1;1;Animalia;Reptilia;Testudines;Testudinidae;Malacochersus;tornieri;South Africa;ZAF
Mandrillus sphinx;3;10;Animalia;Mammalia;Primates;Cercopithecidae;Mandrillus;sphinx;France;FRA
Mandrillus sphinx;3;10;Animalia;Mammalia;Primates;Cercopithecidae;Mandrillus;sphinx;Gabon;GAB
Mandrillus sphinx;2;10;Animalia;Mammalia;Primates;Cercopithecidae;Mandrillus;sphinx;Cameroon;CMR
Mandrillus sphinx;2;10;Animalia;Mammalia;Primates;Cercopithecidae;Mandrillus;sphinx;Congo;COG
Mandrillus sphinx;2;10;Animalia;Mammalia;Primates;Cercopithecidae;Mandrillus;sphinx;United States;USA
Mandrillus sphinx;1;10;Animalia;Mammalia;Primates;Cercopithecidae;Mandrillus;sphinx;Equatorial Guinea;GNQ
Manis gigantea;4;6;Animalia;Mammalia;Pholidota;Manidae;Manis;gigantea;Uganda;UGA
Manis gigantea;2;6;Animalia;Mammalia;Pholidota;Manidae;Manis;gigantea;China;CHN
Manis gigantea;2;6;Animalia;Mammalia;Pholidota;Manidae;Manis;gigantea;Congo, The Democratic Republic of the;COD
Manis gigantea;2;6;Animalia;Mammalia;Pholidota;Manidae;Manis;gigantea;Hong Kong;HKG
Manis gigantea;2;6;Animalia;Mammalia;Pholidota;Manidae;Manis;gigantea;United Kingdom;GBR
Manis gigantea;2;6;Animalia;Mammalia;Pholidota;Manidae;Manis;gigantea;Viet Nam;VNM
Manis gigantea;1;6;Animalia;Mammalia;Pholidota;Manidae;Manis;gigantea;Bermuda;BMU
Manis gigantea;1;6;Animalia;Mammalia;Pholidota;Manidae;Manis;gigantea;Rwanda;RWA
Manis pentadactyla;2;1;Animalia;Mammalia;Pholidota;Manidae;Manis;pentadactyla;United States;USA
Manis pentadactyla;1;1;Animalia;Mammalia;Pholidota;Manidae;Manis;pentadactyla;Taiwan, Province of China;TWN
Manis pentadactyla;1;1;Animalia;Mammalia;Pholidota;Manidae;Manis;pentadactyla;Viet Nam;VNM
Manis pentadactyla;1;1;Animalia;Mammalia;Pholidota;Manidae;Manis;pentadactyla;Zimbabwe;ZWE
Manis tricuspis;1;1;Animalia;Mammalia;Pholidota;Manidae;Manis;tricuspis;Philippines;PHL
Manis tricuspis;1;1;Animalia;Mammalia;Pholidota;Manidae;Manis;tricuspis;United States;USA
Mauremys annamensis;1;2;Animalia;Reptilia;Testudines;Geoemydidae;Mauremys;annamensis;Viet Nam;VNM
Melursus ursinus;5;8;Animalia;Mammalia;Carnivora;Ursidae;Melursus;ursinus;India;IND
Melursus ursinus;5;8;Animalia;Mammalia;Carnivora;Ursidae;Melursus;ursinus;Nepal;NPL
Melursus ursinus;5;8;Animalia;Mammalia;Carnivora;Ursidae;Melursus;ursinus;Sri Lanka;LKA
Melursus ursinus;1;8;Animalia;Mammalia;Carnivora;Ursidae;Melursus;ursinus;Brazil;BRA
Melursus ursinus;1;8;Animalia;Mammalia;Carnivora;Ursidae;Melursus;ursinus;Germany;DEU
Microcebus myoxinus;2;1;Animalia;Mammalia;Primates;Cheirogaleidae;Microcebus;myoxinus;Madagascar;MDG
Mitu mitu;1;1;Animalia;Aves;Galliformes;Cracidae;Mitu;mitu;Brazil;BRA
Monachus monachus;1;1;Animalia;Mammalia;Carnivora;Phocidae;Monachus;monachus;Botswana;BWA
Monachus monachus;1;1;Animalia;Mammalia;Carnivora;Phocidae;Monachus;monachus;Germany;DEU
Monachus monachus;1;1;Animalia;Mammalia;Carnivora;Phocidae;Monachus;monachus;Panama;PAN
Monachus monachus;1;1;Animalia;Mammalia;Carnivora;Phocidae;Monachus;monachus;United States;USA
Monachus monachus;1;1;Animalia;Mammalia;Carnivora;Phocidae;Monachus;monachus;Zimbabwe;ZWE
Naemorhedus baileyi;1;2;Animalia;Mammalia;Artiodactyla;Bovidae;Naemorhedus;baileyi;Nepal;NPL
Nanger dama;4;14;Animalia;Mammalia;Artiodactyla;Bovidae;Nanger;dama;Chad;TCD
Nanger dama;2;14;Animalia;Mammalia;Artiodactyla;Bovidae;Nanger;dama;North Macedonia;MKD
Nanger dama;1;14;Animalia;Mammalia;Artiodactyla;Bovidae;Nanger;dama;Brunei Darussalam;BRN
Nanger dama;1;14;Animalia;Mammalia;Artiodactyla;Bovidae;Nanger;dama;Germany;DEU
Nanger dama;1;14;Animalia;Mammalia;Artiodactyla;Bovidae;Nanger;dama;Indonesia;IDN
Nanger dama;1;14;Animalia;Mammalia;Artiodactyla;Bovidae;Nanger;dama;Malaysia;MYS
Nanger dama;1;14;Animalia;Mammalia;Artiodactyla;Bovidae;Nanger;dama;Netherlands;NLD
Nanger dama;1;14;Animalia;Mammalia;Artiodactyla;Bovidae;Nanger;dama;United States;USA
Nasalis larvatus;1;1;Animalia;Mammalia;Primates;Cercopithecidae;Nasalis;larvatus;Singapore;SGP
Nectophrynoides asperginis;3;5;Animalia;Amphibia;Anura;Bufonidae;Nectophrynoides;asperginis;Tanzania, United Republic of;TZA
Nectophrynoides asperginis;1;5;Animalia;Amphibia;Anura;Bufonidae;Nectophrynoides;asperginis;Australia;AUS
Nectophrynoides asperginis;1;5;Animalia;Amphibia;Anura;Bufonidae;Nectophrynoides;asperginis;Brazil;BRA
Nectophrynoides asperginis;1;5;Animalia;Amphibia;Anura;Bufonidae;Nectophrynoides;asperginis;Germany;DEU
Nectophrynoides asperginis;1;5;Animalia;Amphibia;Anura;Bufonidae;Nectophrynoides;asperginis;Pakistan;PAK
Nectophrynoides asperginis;1;5;Animalia;Amphibia;Anura;Bufonidae;Nectophrynoides;asperginis;United States;USA
Neofelis diardi;2;17;Animalia;Mammalia;Carnivora;Felidae;Neofelis;diardi;Malaysia;MYS
Neofelis diardi;2;17;Animalia;Mammalia;Carnivora;Felidae;Neofelis;diardi;Taiwan, Province of China;TWN
Neofelis diardi;2;17;Animalia;Mammalia;Carnivora;Felidae;Neofelis;diardi;Thailand;THA
Neofelis diardi;1;17;Animalia;Mammalia;Carnivora;Felidae;Neofelis;diardi;United States;USA
Neophema chrysogaster;1;1;Animalia;Aves;Psittaciformes;Psittacidae;Neophema;chrysogaster;Australia;AUS
Neurergus kaiseri;1;1;Animalia;Amphibia;Caudata;Salamandridae;Neurergus;kaiseri;Iran, Islamic Republic of;IRN
Nomascus concolor;1;4;Animalia;Mammalia;Primates;Hylobatidae;Nomascus;concolor;Austria;AUT
Nomascus concolor;1;4;Animalia;Mammalia;Primates;Hylobatidae;Nomascus;concolor;United Kingdom;GBR
Nomascus concolor;1;4;Animalia;Mammalia;Primates;Hylobatidae;Nomascus;concolor;Viet Nam;VNM
Nomascus hainanus;1;1;Animalia;Mammalia;Primates;Hylobatidae;Nomascus;hainanus;China;CHN
Nomascus hainanus;1;1;Animalia;Mammalia;Primates;Hylobatidae;Nomascus;hainanus;India;IND
Nomascus leucogenys;13;20;Animalia;Mammalia;Primates;Hylobatidae;Nomascus;leucogenys;Viet Nam;VNM
Nomascus leucogenys;7;20;Animalia;Mammalia;Primates;Hylobatidae;Nomascus;leucogenys;China;CHN
Nomascus leucogenys;7;20;Animalia;Mammalia;Primates;Hylobatidae;Nomascus;leucogenys;Lao People's Democratic Republic;LAO
Nomascus leucogenys;1;20;Animalia;Mammalia;Primates;Hylobatidae;Nomascus;leucogenys;Angola;AGO
Nomascus leucogenys;1;20;Animalia;Mammalia;Primates;Hylobatidae;Nomascus;leucogenys;Australia;AUS
Nomascus leucogenys;1;20;Animalia;Mammalia;Primates;Hylobatidae;Nomascus;leucogenys;Brunei Darussalam;BRN
Nomascus leucogenys;1;20;Animalia;Mammalia;Primates;Hylobatidae;Nomascus;leucogenys;Cambodia;KHM
Nomascus leucogenys;1;20;Animalia;Mammalia;Primates;Hylobatidae;Nomascus;leucogenys;Cameroon;CMR
Nomascus leucogenys;1;20;Animalia;Mammalia;Primates;Hylobatidae;Nomascus;leucogenys;Congo;COG
Nomascus leucogenys;1;20;Animalia;Mammalia;Primates;Hylobatidae;Nomascus;leucogenys;Equatorial Guinea;GNQ
Nomascus leucogenys;1;20;Animalia;Mammalia;Primates;Hylobatidae;Nomascus;leucogenys;Gabon;GAB
Nomascus leucogenys;1;20;Animalia;Mammalia;Primates;Hylobatidae;Nomascus;leucogenys;Indonesia;IDN
Nomascus leucogenys;1;20;Animalia;Mammalia;Primates;Hylobatidae;Nomascus;leucogenys;Mexico;MEX
Nomascus leucogenys;1;20;Animalia;Mammalia;Primates;Hylobatidae;Nomascus;leucogenys;New Zealand;NZL
Nomascus leucogenys;1;20;Animalia;Mammalia;Primates;Hylobatidae;Nomascus;leucogenys;United Kingdom;GBR
Nycticebus bengalensis;1;1;Animalia;Mammalia;Primates;Lorisidae;Nycticebus;bengalensis;Germany;DEU
Nycticebus bengalensis;1;1;Animalia;Mammalia;Primates;Lorisidae;Nycticebus;bengalensis;Hong Kong;HKG
Nycticebus bengalensis;1;1;Animalia;Mammalia;Primates;Lorisidae;Nycticebus;bengalensis;Maldives;MDV
Nycticebus bengalensis;1;1;Animalia;Mammalia;Primates;Lorisidae;Nycticebus;bengalensis;United Kingdom;GBR
Nycticebus pygmaeus;3;4;Animalia;Mammalia;Primates;Lorisidae;Nycticebus;pygmaeus;United Kingdom;GBR
Nycticebus pygmaeus;1;4;Animalia;Mammalia;Primates;Lorisidae;Nycticebus;pygmaeus;Guatemala;GTM
Nycticebus pygmaeus;1;4;Animalia;Mammalia;Primates;Lorisidae;Nycticebus;pygmaeus;Indonesia;IDN
Nycticebus pygmaeus;1;4;Animalia;Mammalia;Primates;Lorisidae;Nycticebus;pygmaeus;Nigeria;NGA
Nycticebus pygmaeus;1;4;Animalia;Mammalia;Primates;Lorisidae;Nycticebus;pygmaeus;United States;USA
Nycticebus pygmaeus;1;4;Animalia;Mammalia;Primates;Lorisidae;Nycticebus;pygmaeus;Viet Nam;VNM
Nycticebus pygmaeus;1;4;Animalia;Mammalia;Primates;Lorisidae;Nycticebus;pygmaeus;Zimbabwe;ZWE
Oryx dammah;4;6;Animalia;Mammalia;Artiodactyla;Bovidae;Oryx;dammah;Chad;TCD
Oryx dammah;2;6;Animalia;Mammalia;Artiodactyla;Bovidae;Oryx;dammah;Sudan;SDN
Oryx dammah;2;6;Animalia;Mammalia;Artiodactyla;Bovidae;Oryx;dammah;Tunisia;TUN
Oryx dammah;1;6;Animalia;Mammalia;Artiodactyla;Bovidae;Oryx;dammah;Algeria;DZA
Oryx dammah;1;6;Animalia;Mammalia;Artiodactyla;Bovidae;Oryx;dammah;Australia;AUS
Oryx dammah;1;6;Animalia;Mammalia;Artiodactyla;Bovidae;Oryx;dammah;Canada;CAN
Oryx dammah;1;6;Animalia;Mammalia;Artiodactyla;Bovidae;Oryx;dammah;Egypt;EGY
Oryx dammah;1;6;Animalia;Mammalia;Artiodactyla;Bovidae;Oryx;dammah;Japan;JPN
Oryx dammah;1;6;Animalia;Mammalia;Artiodactyla;Bovidae;Oryx;dammah;Libya;LBY
Oryx dammah;1;6;Animalia;Mammalia;Artiodactyla;Bovidae;Oryx;dammah;Mali;MLI
Oryx dammah;1;6;Animalia;Mammalia;Artiodactyla;Bovidae;Oryx;dammah;Mauritania;MRT
Oryx dammah;1;6;Animalia;Mammalia;Artiodactyla;Bovidae;Oryx;dammah;Morocco;MAR
Oryx dammah;1;6;Animalia;Mammalia;Artiodactyla;Bovidae;Oryx;dammah;New Zealand;NZL
Oryx dammah;1;6;Animalia;Mammalia;Artiodactyla;Bovidae;Oryx;dammah;Niger;NER
Oryx dammah;1;6;Animalia;Mammalia;Artiodactyla;Bovidae;Oryx;dammah;Senegal;SEN
Oryx leucoryx;1;3;Animalia;Mammalia;Artiodactyla;Bovidae;Oryx;leucoryx;Oman;OMN
Oryx leucoryx;1;3;Animalia;Mammalia;Artiodactyla;Bovidae;Oryx;leucoryx;Saudi Arabia;SAU
Osteolaemus tetraspis;2;1;Animalia;Reptilia;Crocodylia;Crocodylidae;Osteolaemus;tetraspis;France;FRA
Osteolaemus tetraspis;1;1;Animalia;Reptilia;Crocodylia;Crocodylidae;Osteolaemus;tetraspis;United States;USA
Pan troglodytes;1;5;Animalia;Mammalia;Primates;Hominidae;Pan;troglodytes;China;CHN
Pan troglodytes;1;5;Animalia;Mammalia;Primates;Hominidae;Pan;troglodytes;Germany;DEU
Pan troglodytes;1;5;Animalia;Mammalia;Primates;Hominidae;Pan;troglodytes;Thailand;THA
Pan troglodytes;1;5;Animalia;Mammalia;Primates;Hominidae;Pan;troglodytes;United Kingdom;GBR
Pan troglodytes;1;5;Animalia;Mammalia;Primates;Hominidae;Pan;troglodytes;United States;USA
Panthera leo;7;28;Animalia;Mammalia;Carnivora;Felidae;Panthera;leo;India;IND
Panthera leo;3;28;Animalia;Mammalia;Carnivora;Felidae;Panthera;leo;Greece;GRC
Panthera leo;3;28;Animalia;Mammalia;Carnivora;Felidae;Panthera;leo;Turkey;TUR
Panthera leo;2;28;Animalia;Mammalia;Carnivora;Felidae;Panthera;leo;United Kingdom;GBR
Panthera leo;1;28;Animalia;Mammalia;Carnivora;Felidae;Panthera;leo;Australia;AUS
Panthera leo;1;28;Animalia;Mammalia;Carnivora;Felidae;Panthera;leo;Cyprus;CYP
Panthera leo;1;28;Animalia;Mammalia;Carnivora;Felidae;Panthera;leo;Germany;DEU
Panthera leo;1;28;Animalia;Mammalia;Carnivora;Felidae;Panthera;leo;Iran, Islamic Republic of;IRN
Panthera leo;1;28;Animalia;Mammalia;Carnivora;Felidae;Panthera;leo;Ireland;IRL
Panthera leo;1;28;Animalia;Mammalia;Carnivora;Felidae;Panthera;leo;South Africa;ZAF
Panthera pardus;1;1;Animalia;Mammalia;Carnivora;Felidae;Panthera;pardus;China;CHN
Panthera pardus;1;1;Animalia;Mammalia;Carnivora;Felidae;Panthera;pardus;Hungary;HUN
Panthera pardus;1;1;Animalia;Mammalia;Carnivora;Felidae;Panthera;pardus;Nepal;NPL
Panthera tigris;9;21;Animalia;Mammalia;Carnivora;Felidae;Panthera;tigris;Russian Federation;RUS
Panthera tigris;8;21;Animalia;Mammalia;Carnivora;Felidae;Panthera;tigris;China;CHN
Panthera tigris;4;21;Animalia;Mammalia;Carnivora;Felidae;Panthera;tigris;Korea, Democratic People's Republic of;PRK
Panthera tigris;4;21;Animalia;Mammalia;Carnivora;Felidae;Panthera;tigris;United States;USA
Panthera tigris;2;21;Animalia;Mammalia;Carnivora;Felidae;Panthera;tigris;Bangladesh;BGD
Panthera tigris;2;21;Animalia;Mammalia;Carnivora;Felidae;Panthera;tigris;Bhutan;BTN
Panthera tigris;2;21;Animalia;Mammalia;Carnivora;Felidae;Panthera;tigris;India;IND
Panthera tigris;2;21;Animalia;Mammalia;Carnivora;Felidae;Panthera;tigris;Indonesia;IDN
Panthera tigris;2;21;Animalia;Mammalia;Carnivora;Felidae;Panthera;tigris;Lao People's Democratic Republic;LAO
Panthera tigris;2;21;Animalia;Mammalia;Carnivora;Felidae;Panthera;tigris;Malaysia;MYS
Panthera tigris;2;21;Animalia;Mammalia;Carnivora;Felidae;Panthera;tigris;Myanmar;MMR
Panthera tigris;2;21;Animalia;Mammalia;Carnivora;Felidae;Panthera;tigris;Nepal;NPL
Panthera tigris;2;21;Animalia;Mammalia;Carnivora;Felidae;Panthera;tigris;Thailand;THA
Panthera tigris;1;21;Animalia;Mammalia;Carnivora;Felidae;Panthera;tigris;Bulgaria;BGR
Panthera tigris;1;21;Animalia;Mammalia;Carnivora;Felidae;Panthera;tigris;Denmark;DNK
Panthera tigris;1;21;Animalia;Mammalia;Carnivora;Felidae;Panthera;tigris;Hungary;HUN
Panthera tigris;1;21;Animalia;Mammalia;Carnivora;Felidae;Panthera;tigris;Mexico;MEX
Panthera tigris;1;21;Animalia;Mammalia;Carnivora;Felidae;Panthera;tigris;Turkey;TUR
Panthera tigris;1;21;Animalia;Mammalia;Carnivora;Felidae;Panthera;tigris;Viet Nam;VNM
Paphiopedilum tigrinum;1;1;Plantae;;Orchidales;Orchidaceae;Paphiopedilum;tigrinum;Australia;AUS
Paphiopedilum tigrinum;1;1;Plantae;;Orchidales;Orchidaceae;Paphiopedilum;tigrinum;China;CHN
Paphiopedilum tigrinum;1;1;Plantae;;Orchidales;Orchidaceae;Paphiopedilum;tigrinum;Panama;PAN
Pelecanus crispus;1;2;Animalia;Aves;Pelecaniformes;Pelecanidae;Pelecanus;crispus;Singapore;SGP
Pelecanus crispus;1;2;Animalia;Aves;Pelecaniformes;Pelecanidae;Pelecanus;crispus;Spain;ESP
Perameles bougainville;5;6;Animalia;Mammalia;Peramelemorphia;Peramelidae;Perameles;bougainville;Australia;AUS
Perameles bougainville;1;6;Animalia;Mammalia;Peramelemorphia;Peramelidae;Perameles;bougainville;Italy;ITA
Perameles bougainville;1;6;Animalia;Mammalia;Peramelemorphia;Peramelidae;Perameles;bougainville;New Zealand;NZL
Perameles bougainville;1;6;Animalia;Mammalia;Peramelemorphia;Peramelidae;Perameles;bougainville;United States;USA
Pezoporus wallicus;1;5;Animalia;Aves;Psittaciformes;Psittacidae;Pezoporus;wallicus;Australia;AUS
Pezoporus wallicus;1;5;Animalia;Aves;Psittaciformes;Psittacidae;Pezoporus;wallicus;Brazil;BRA
Pezoporus wallicus;1;5;Animalia;Aves;Psittaciformes;Psittacidae;Pezoporus;wallicus;Cyprus;CYP
Pezoporus wallicus;1;5;Animalia;Aves;Psittaciformes;Psittacidae;Pezoporus;wallicus;Denmark;DNK
Pezoporus wallicus;1;5;Animalia;Aves;Psittaciformes;Psittacidae;Pezoporus;wallicus;Dominica;DMA
Pezoporus wallicus;1;5;Animalia;Aves;Psittaciformes;Psittacidae;Pezoporus;wallicus;Germany;DEU
Pezoporus wallicus;1;5;Animalia;Aves;Psittaciformes;Psittacidae;Pezoporus;wallicus;Netherlands;NLD
Pezoporus wallicus;1;5;Animalia;Aves;Psittaciformes;Psittacidae;Pezoporus;wallicus;Spain;ESP
Platysternon megacephalum;2;9;Animalia;Reptilia;Testudines;Platysternidae;Platysternon;megacephalum;China;CHN
Platysternon megacephalum;1;9;Animalia;Reptilia;Testudines;Platysternidae;Platysternon;megacephalum;Cambodia;KHM
Platysternon megacephalum;1;9;Animalia;Reptilia;Testudines;Platysternidae;Platysternon;megacephalum;Lao People's Democratic Republic;LAO
Platysternon megacephalum;1;9;Animalia;Reptilia;Testudines;Platysternidae;Platysternon;megacephalum;Madagascar;MDG
Platysternon megacephalum;1;9;Animalia;Reptilia;Testudines;Platysternidae;Platysternon;megacephalum;Mexico;MEX
Platysternon megacephalum;1;9;Animalia;Reptilia;Testudines;Platysternidae;Platysternon;megacephalum;Myanmar;MMR
Platysternon megacephalum;1;9;Animalia;Reptilia;Testudines;Platysternidae;Platysternon;megacephalum;Thailand;THA
Platysternon megacephalum;1;9;Animalia;Reptilia;Testudines;Platysternidae;Platysternon;megacephalum;United Kingdom;GBR
Platysternon megacephalum;1;9;Animalia;Reptilia;Testudines;Platysternidae;Platysternon;megacephalum;United States;USA
Platysternon megacephalum;1;9;Animalia;Reptilia;Testudines;Platysternidae;Platysternon;megacephalum;Viet Nam;VNM
Pongo abelii;2;9;Animalia;Mammalia;Primates;Hominidae;Pongo;abelii;United Kingdom;GBR
Pongo abelii;1;9;Animalia;Mammalia;Primates;Hominidae;Pongo;abelii;Indonesia;IDN
Pongo abelii;1;9;Animalia;Mammalia;Primates;Hominidae;Pongo;abelii;United States;USA
Pongo pygmaeus;1;13;Animalia;Mammalia;Primates;Hominidae;Pongo;pygmaeus;Germany;DEU
Pongo pygmaeus;1;13;Animalia;Mammalia;Primates;Hominidae;Pongo;pygmaeus;Indonesia;IDN
Prionailurus rubiginosus;1;4;Animalia;Mammalia;Carnivora;Felidae;Prionailurus;rubiginosus;India;IND
Pristis pristis;2;1;Animalia;Elasmobranchii;Pristiformes;Pristidae;Pristis;pristis;South Africa;ZAF
Pristis pristis;1;1;Animalia;Elasmobranchii;Pristiformes;Pristidae;Pristis;pristis;Australia;AUS
Pristis pristis;1;1;Animalia;Elasmobranchii;Pristiformes;Pristidae;Pristis;pristis;China;CHN
Pristis pristis;1;1;Animalia;Elasmobranchii;Pristiformes;Pristidae;Pristis;pristis;Germany;DEU
Pristis pristis;1;1;Animalia;Elasmobranchii;Pristiformes;Pristidae;Pristis;pristis;Myanmar;MMR
Pristis pristis;1;1;Animalia;Elasmobranchii;Pristiformes;Pristidae;Pristis;pristis;Singapore;SGP
Pristis pristis;1;1;Animalia;Elasmobranchii;Pristiformes;Pristidae;Pristis;pristis;Thailand;THA
Pristis pristis;1;1;Animalia;Elasmobranchii;Pristiformes;Pristidae;Pristis;pristis;United States;USA
Pristis pristis;1;1;Animalia;Elasmobranchii;Pristiformes;Pristidae;Pristis;pristis;Viet Nam;VNM
Probosciger aterrimus;3;4;Animalia;Aves;Psittaciformes;Cacatuidae;Probosciger;aterrimus;Australia;AUS
Probosciger aterrimus;1;4;Animalia;Aves;Psittaciformes;Cacatuidae;Probosciger;aterrimus;Philippines;PHL
Prolemur simus;1;1;Animalia;Mammalia;Primates;Lemuridae;Prolemur;simus;Congo;COG
Prolemur simus;1;1;Animalia;Mammalia;Primates;Lemuridae;Prolemur;simus;Gabon;GAB
Prolemur simus;1;1;Animalia;Mammalia;Primates;Lemuridae;Prolemur;simus;Madagascar;MDG
Prolemur simus;1;1;Animalia;Mammalia;Primates;Lemuridae;Prolemur;simus;South Africa;ZAF
Prolemur simus;1;1;Animalia;Mammalia;Primates;Lemuridae;Prolemur;simus;United States;USA
Propithecus coquereli;6;10;Animalia;Mammalia;Primates;Indriidae;Propithecus;coquereli;Madagascar;MDG
Propithecus coquereli;3;10;Animalia;Mammalia;Primates;Indriidae;Propithecus;coquereli;United States;USA
Propithecus coquereli;2;10;Animalia;Mammalia;Primates;Indriidae;Propithecus;coquereli;Kenya;KEN
Propithecus coquereli;2;10;Animalia;Mammalia;Primates;Indriidae;Propithecus;coquereli;South Africa;ZAF
Propithecus coquereli;1;10;Animalia;Mammalia;Primates;Indriidae;Propithecus;coquereli;Canada;CAN
Propithecus coquereli;1;10;Animalia;Mammalia;Primates;Indriidae;Propithecus;coquereli;China;CHN
Propithecus coquereli;1;10;Animalia;Mammalia;Primates;Indriidae;Propithecus;coquereli;Faroe Islands;FRO
Propithecus coquereli;1;10;Animalia;Mammalia;Primates;Indriidae;Propithecus;coquereli;Germany;DEU
Propithecus coquereli;1;10;Animalia;Mammalia;Primates;Indriidae;Propithecus;coquereli;Mexico;MEX
Propithecus coquereli;1;10;Animalia;Mammalia;Primates;Indriidae;Propithecus;coquereli;Russian Federation;RUS
Propithecus coquereli;1;10;Animalia;Mammalia;Primates;Indriidae;Propithecus;coquereli;Sudan;SDN
Propithecus coquereli;1;10;Animalia;Mammalia;Primates;Indriidae;Propithecus;coquereli;Tanzania, United Republic of;TZA
Propithecus coquereli;1;10;Animalia;Mammalia;Primates;Indriidae;Propithecus;coquereli;Uganda;UGA
Propithecus coquereli;1;10;Animalia;Mammalia;Primates;Indriidae;Propithecus;coquereli;Zimbabwe;ZWE
Propithecus diadema;1;1;Animalia;Mammalia;Primates;Indriidae;Propithecus;diadema;Madagascar;MDG
Pseudemydura umbrina;4;6;Animalia;Reptilia;Testudines;Chelidae;Pseudemydura;umbrina;Australia;AUS
Pseudoryx nghetinhensis;1;1;Animalia;Mammalia;Artiodactyla;Bovidae;Pseudoryx;nghetinhensis;Lao People's Democratic Republic;LAO
Pseudoryx nghetinhensis;1;1;Animalia;Mammalia;Artiodactyla;Bovidae;Pseudoryx;nghetinhensis;Viet Nam;VNM
Pterocnemia pennata;1;3;Animalia;Aves;Rheiformes;Rheidae;Pterocnemia;pennata;Belize;BLZ
Pterocnemia pennata;1;3;Animalia;Aves;Rheiformes;Rheidae;Pterocnemia;pennata;Brazil;BRA
Pterocnemia pennata;1;3;Animalia;Aves;Rheiformes;Rheidae;Pterocnemia;pennata;Costa Rica;CRI
Pterocnemia pennata;1;3;Animalia;Aves;Rheiformes;Rheidae;Pterocnemia;pennata;Guatemala;GTM
Pterocnemia pennata;1;3;Animalia;Aves;Rheiformes;Rheidae;Pterocnemia;pennata;Ireland;IRL
Pteronura brasiliensis;2;4;Animalia;Mammalia;Carnivora;Mustelidae;Pteronura;brasiliensis;Brazil;BRA
Pteronura brasiliensis;1;4;Animalia;Mammalia;Carnivora;Mustelidae;Pteronura;brasiliensis;Argentina;ARG
Pteronura brasiliensis;1;4;Animalia;Mammalia;Carnivora;Mustelidae;Pteronura;brasiliensis;France;FRA
Pteronura brasiliensis;1;4;Animalia;Mammalia;Carnivora;Mustelidae;Pteronura;brasiliensis;Uruguay;URY
Pudu puda;4;8;Animalia;Mammalia;Artiodactyla;Cervidae;Pudu;puda;Chile;CHL
Pudu puda;3;8;Animalia;Mammalia;Artiodactyla;Cervidae;Pudu;puda;Argentina;ARG
Puma concolor;1;4;Animalia;Mammalia;Carnivora;Felidae;Puma;concolor;Australia;AUS
Puma concolor;1;4;Animalia;Mammalia;Carnivora;Felidae;Puma;concolor;India;IND
Puma concolor;1;4;Animalia;Mammalia;Carnivora;Felidae;Puma;concolor;Mexico;MEX
Puma concolor;1;4;Animalia;Mammalia;Carnivora;Felidae;Puma;concolor;United States;USA
Pygathrix nemaeus;2;4;Animalia;Mammalia;Primates;Cercopithecidae;Pygathrix;nemaeus;Viet Nam;VNM
Pygathrix nemaeus;1;4;Animalia;Mammalia;Primates;Cercopithecidae;Pygathrix;nemaeus;Bangladesh;BGD
Pygathrix nemaeus;1;4;Animalia;Mammalia;Primates;Cercopithecidae;Pygathrix;nemaeus;Cambodia;KHM
Pygathrix nemaeus;1;4;Animalia;Mammalia;Primates;Cercopithecidae;Pygathrix;nemaeus;China;CHN
Pygathrix nemaeus;1;4;Animalia;Mammalia;Primates;Cercopithecidae;Pygathrix;nemaeus;Lao People's Democratic Republic;LAO
Pygathrix nemaeus;1;4;Animalia;Mammalia;Primates;Cercopithecidae;Pygathrix;nemaeus;Myanmar;MMR
Pygathrix nemaeus;1;4;Animalia;Mammalia;Primates;Cercopithecidae;Pygathrix;nemaeus;Nepal;NPL
Pygathrix nemaeus;1;4;Animalia;Mammalia;Primates;Cercopithecidae;Pygathrix;nemaeus;South Africa;ZAF
Pyxis arachnoides;1;4;Animalia;Reptilia;Testudines;Testudinidae;Pyxis;arachnoides;France;FRA
Pyxis arachnoides;1;4;Animalia;Reptilia;Testudines;Testudinidae;Pyxis;arachnoides;Hong Kong;HKG
Pyxis arachnoides;1;4;Animalia;Reptilia;Testudines;Testudinidae;Pyxis;arachnoides;Madagascar;MDG
Rhinoceros sondaicus;1;2;Animalia;Mammalia;Perissodactyla;Rhinocerotidae;Rhinoceros;sondaicus;Bangladesh;BGD
Rhinoceros sondaicus;1;2;Animalia;Mammalia;Perissodactyla;Rhinocerotidae;Rhinoceros;sondaicus;India;IND
Rhinoceros sondaicus;1;2;Animalia;Mammalia;Perissodactyla;Rhinocerotidae;Rhinoceros;sondaicus;Malaysia;MYS
Rhinoceros unicornis;10;35;Animalia;Mammalia;Perissodactyla;Rhinocerotidae;Rhinoceros;unicornis;India;IND
Rhinoceros unicornis;9;35;Animalia;Mammalia;Perissodactyla;Rhinocerotidae;Rhinoceros;unicornis;Nepal;NPL
Rhinoceros unicornis;3;35;Animalia;Mammalia;Perissodactyla;Rhinocerotidae;Rhinoceros;unicornis;United States;USA
Rhinoceros unicornis;2;35;Animalia;Mammalia;Perissodactyla;Rhinocerotidae;Rhinoceros;unicornis;France;FRA
Rhinoceros unicornis;2;35;Animalia;Mammalia;Perissodactyla;Rhinocerotidae;Rhinoceros;unicornis;Indonesia;IDN
Rhinoceros unicornis;1;35;Animalia;Mammalia;Perissodactyla;Rhinocerotidae;Rhinoceros;unicornis;Australia;AUS
Rhinoceros unicornis;1;35;Animalia;Mammalia;Perissodactyla;Rhinocerotidae;Rhinoceros;unicornis;Belgium;BEL
Rhinoceros unicornis;1;35;Animalia;Mammalia;Perissodactyla;Rhinocerotidae;Rhinoceros;unicornis;China;CHN
Rhinoceros unicornis;1;35;Animalia;Mammalia;Perissodactyla;Rhinocerotidae;Rhinoceros;unicornis;Japan;JPN
Rhinoceros unicornis;1;35;Animalia;Mammalia;Perissodactyla;Rhinocerotidae;Rhinoceros;unicornis;Netherlands;NLD
Rhinoceros unicornis;1;35;Animalia;Mammalia;Perissodactyla;Rhinocerotidae;Rhinoceros;unicornis;Singapore;SGP
Rhinoceros unicornis;1;35;Animalia;Mammalia;Perissodactyla;Rhinocerotidae;Rhinoceros;unicornis;Switzerland;CHE
Rhinoceros unicornis;1;35;Animalia;Mammalia;Perissodactyla;Rhinocerotidae;Rhinoceros;unicornis;Thailand;THA
Rhinopithecus roxellana;1;1;Animalia;Mammalia;Primates;Cercopithecidae;Rhinopithecus;roxellana;China;CHN
Rhinoplax vigil;1;1;Animalia;Aves;Coraciiformes;Bucerotidae;Rhinoplax;vigil;Myanmar;MMR
Rhynchopsitta pachyrhyncha;2;2;Animalia;Aves;Psittaciformes;Psittacidae;Rhynchopsitta;pachyrhyncha;Mexico;MEX
Rhynchopsitta pachyrhyncha;1;2;Animalia;Aves;Psittaciformes;Psittacidae;Rhynchopsitta;pachyrhyncha;United States;USA
Rucervus eldii;1;4;Animalia;Mammalia;Artiodactyla;Cervidae;Rucervus;eldii;Czechia;CZE
Rucervus eldii;1;4;Animalia;Mammalia;Artiodactyla;Cervidae;Rucervus;eldii;Sri Lanka;LKA
Saguinus bicolor;2;2;Animalia;Mammalia;Primates;Cebidae;Saguinus;bicolor;Brazil;BRA
Saguinus bicolor;1;2;Animalia;Mammalia;Primates;Cebidae;Saguinus;bicolor;Canada;CAN
Saguinus bicolor;1;2;Animalia;Mammalia;Primates;Cebidae;Saguinus;bicolor;France;FRA
Saguinus geoffroyi;1;1;Animalia;Mammalia;Primates;Cebidae;Saguinus;geoffroyi;Brazil;BRA
Saguinus geoffroyi;1;1;Animalia;Mammalia;Primates;Cebidae;Saguinus;geoffroyi;Panama;PAN
Saguinus oedipus;8;15;Animalia;Mammalia;Primates;Cebidae;Saguinus;oedipus;Colombia;COL
Saguinus oedipus;3;15;Animalia;Mammalia;Primates;Cebidae;Saguinus;oedipus;United States;USA
Saguinus oedipus;1;15;Animalia;Mammalia;Primates;Cebidae;Saguinus;oedipus;Australia;AUS
Saguinus oedipus;1;15;Animalia;Mammalia;Primates;Cebidae;Saguinus;oedipus;Canada;CAN
Saguinus oedipus;1;15;Animalia;Mammalia;Primates;Cebidae;Saguinus;oedipus;Chad;TCD
Saguinus oedipus;1;15;Animalia;Mammalia;Primates;Cebidae;Saguinus;oedipus;Peru;PER
Semnopithecus entellus;4;8;Animalia;Mammalia;Primates;Cercopithecidae;Semnopithecus;entellus;United Kingdom;GBR
Semnopithecus entellus;3;8;Animalia;Mammalia;Primates;Cercopithecidae;Semnopithecus;entellus;India;IND
Semnopithecus entellus;1;8;Animalia;Mammalia;Primates;Cercopithecidae;Semnopithecus;entellus;Canada;CAN
Semnopithecus entellus;1;8;Animalia;Mammalia;Primates;Cercopithecidae;Semnopithecus;entellus;Germany;DEU
Semnopithecus entellus;1;8;Animalia;Mammalia;Primates;Cercopithecidae;Semnopithecus;entellus;United States;USA
Shinisaurus crocodilurus;1;3;Animalia;Reptilia;Sauria;Xenosauridae;Shinisaurus;crocodilurus;Argentina;ARG
Shinisaurus crocodilurus;1;3;Animalia;Reptilia;Sauria;Xenosauridae;Shinisaurus;crocodilurus;China;CHN
Shinisaurus crocodilurus;1;3;Animalia;Reptilia;Sauria;Xenosauridae;Shinisaurus;crocodilurus;United Kingdom;GBR
Shinisaurus crocodilurus;1;3;Animalia;Reptilia;Sauria;Xenosauridae;Shinisaurus;crocodilurus;Viet Nam;VNM
Speothos venaticus;2;7;Animalia;Mammalia;Carnivora;Canidae;Speothos;venaticus;United States;USA
Speothos venaticus;1;7;Animalia;Mammalia;Carnivora;Canidae;Speothos;venaticus;Argentina;ARG
Speothos venaticus;1;7;Animalia;Mammalia;Carnivora;Canidae;Speothos;venaticus;Australia;AUS
Speothos venaticus;1;7;Animalia;Mammalia;Carnivora;Canidae;Speothos;venaticus;Czechia;CZE
Speothos venaticus;1;7;Animalia;Mammalia;Carnivora;Canidae;Speothos;venaticus;Germany;DEU
Speothos venaticus;1;7;Animalia;Mammalia;Carnivora;Canidae;Speothos;venaticus;Japan;JPN
Speothos venaticus;1;7;Animalia;Mammalia;Carnivora;Canidae;Speothos;venaticus;Paraguay;PRY
Spheniscus humboldti;6;17;Animalia;Aves;Sphenisciformes;Spheniscidae;Spheniscus;humboldti;Peru;PER
Spheniscus humboldti;5;17;Animalia;Aves;Sphenisciformes;Spheniscidae;Spheniscus;humboldti;Chile;CHL
Spheniscus humboldti;5;17;Animalia;Aves;Sphenisciformes;Spheniscidae;Spheniscus;humboldti;United Kingdom;GBR
Spheniscus humboldti;3;17;Animalia;Aves;Sphenisciformes;Spheniscidae;Spheniscus;humboldti;United States;USA
Spheniscus humboldti;2;17;Animalia;Aves;Sphenisciformes;Spheniscidae;Spheniscus;humboldti;Korea, Republic of;KOR
Spheniscus humboldti;1;17;Animalia;Aves;Sphenisciformes;Spheniscidae;Spheniscus;humboldti;Germany;DEU
Spheniscus humboldti;1;17;Animalia;Aves;Sphenisciformes;Spheniscidae;Spheniscus;humboldti;India;IND
Spheniscus humboldti;1;17;Animalia;Aves;Sphenisciformes;Spheniscidae;Spheniscus;humboldti;New Zealand;NZL
Sphenodon punctatus;1;1;Animalia;Reptilia;Rhynchocephalia;Sphenodontidae;Sphenodon;punctatus;China;CHN
Sphenodon punctatus;1;1;Animalia;Reptilia;Rhynchocephalia;Sphenodontidae;Sphenodon;punctatus;New Zealand;NZL
Sphenodon punctatus;1;1;Animalia;Reptilia;Rhynchocephalia;Sphenodontidae;Sphenodon;punctatus;Peru;PER
Sphenodon punctatus;1;1;Animalia;Reptilia;Rhynchocephalia;Sphenodontidae;Sphenodon;punctatus;South Africa;ZAF
Sphenodon punctatus;1;1;Animalia;Reptilia;Rhynchocephalia;Sphenodontidae;Sphenodon;punctatus;United Kingdom;GBR
Struthio camelus;1;6;Animalia;Aves;Struthioniformes;Struthionidae;Struthio;camelus;Hong Kong;HKG
Struthio camelus;1;6;Animalia;Aves;Struthioniformes;Struthionidae;Struthio;camelus;Kenya;KEN
Symphalangus syndactylus;2;19;Animalia;Mammalia;Primates;Hylobatidae;Symphalangus;syndactylus;Indonesia;IDN
Symphalangus syndactylus;2;19;Animalia;Mammalia;Primates;Hylobatidae;Symphalangus;syndactylus;Malaysia;MYS
Symphalangus syndactylus;2;19;Animalia;Mammalia;Primates;Hylobatidae;Symphalangus;syndactylus;New Zealand;NZL
Symphalangus syndactylus;2;19;Animalia;Mammalia;Primates;Hylobatidae;Symphalangus;syndactylus;United States;USA
Symphalangus syndactylus;1;19;Animalia;Mammalia;Primates;Hylobatidae;Symphalangus;syndactylus;Australia;AUS
Symphalangus syndactylus;1;19;Animalia;Mammalia;Primates;Hylobatidae;Symphalangus;syndactylus;Bangladesh;BGD
Symphalangus syndactylus;1;19;Animalia;Mammalia;Primates;Hylobatidae;Symphalangus;syndactylus;Brazil;BRA
Symphalangus syndactylus;1;19;Animalia;Mammalia;Primates;Hylobatidae;Symphalangus;syndactylus;China;CHN
Symphalangus syndactylus;1;19;Animalia;Mammalia;Primates;Hylobatidae;Symphalangus;syndactylus;India;IND
Symphalangus syndactylus;1;19;Animalia;Mammalia;Primates;Hylobatidae;Symphalangus;syndactylus;Thailand;THA
Symphalangus syndactylus;1;19;Animalia;Mammalia;Primates;Hylobatidae;Symphalangus;syndactylus;Viet Nam;VNM
Tapirus bairdii;9;14;Animalia;Mammalia;Perissodactyla;Tapiridae;Tapirus;bairdii;Mexico;MEX
Tapirus bairdii;2;14;Animalia;Mammalia;Perissodactyla;Tapiridae;Tapirus;bairdii;Brazil;BRA
Tapirus bairdii;2;14;Animalia;Mammalia;Perissodactyla;Tapiridae;Tapirus;bairdii;Ecuador;ECU
Tapirus bairdii;2;14;Animalia;Mammalia;Perissodactyla;Tapiridae;Tapirus;bairdii;Malaysia;MYS
Tapirus bairdii;1;14;Animalia;Mammalia;Perissodactyla;Tapiridae;Tapirus;bairdii;Belize;BLZ
Tapirus bairdii;1;14;Animalia;Mammalia;Perissodactyla;Tapiridae;Tapirus;bairdii;Chile;CHL
Tapirus bairdii;1;14;Animalia;Mammalia;Perissodactyla;Tapiridae;Tapirus;bairdii;Colombia;COL
Tapirus bairdii;1;14;Animalia;Mammalia;Perissodactyla;Tapiridae;Tapirus;bairdii;Indonesia;IDN
Tapirus bairdii;1;14;Animalia;Mammalia;Perissodactyla;Tapiridae;Tapirus;bairdii;Peru;PER
Tapirus bairdii;1;14;Animalia;Mammalia;Perissodactyla;Tapiridae;Tapirus;bairdii;Russian Federation;RUS
Tapirus bairdii;1;14;Animalia;Mammalia;Perissodactyla;Tapiridae;Tapirus;bairdii;United Kingdom;GBR
Tapirus bairdii;1;14;Animalia;Mammalia;Perissodactyla;Tapiridae;Tapirus;bairdii;United States;USA
Tapirus indicus;9;19;Animalia;Mammalia;Perissodactyla;Tapiridae;Tapirus;indicus;Malaysia;MYS
Tapirus indicus;9;19;Animalia;Mammalia;Perissodactyla;Tapiridae;Tapirus;indicus;Thailand;THA
Tapirus indicus;4;19;Animalia;Mammalia;Perissodactyla;Tapiridae;Tapirus;indicus;Myanmar;MMR
Tapirus indicus;2;19;Animalia;Mammalia;Perissodactyla;Tapiridae;Tapirus;indicus;Indonesia;IDN
Tapirus indicus;2;19;Animalia;Mammalia;Perissodactyla;Tapiridae;Tapirus;indicus;Mexico;MEX
Tapirus indicus;1;19;Animalia;Mammalia;Perissodactyla;Tapiridae;Tapirus;indicus;Costa Rica;CRI
Tapirus indicus;1;19;Animalia;Mammalia;Perissodactyla;Tapiridae;Tapirus;indicus;Czechia;CZE
Tapirus indicus;1;19;Animalia;Mammalia;Perissodactyla;Tapiridae;Tapirus;indicus;Georgia;GEO
Tapirus indicus;1;19;Animalia;Mammalia;Perissodactyla;Tapiridae;Tapirus;indicus;Ghana;GHA
Tapirus indicus;1;19;Animalia;Mammalia;Perissodactyla;Tapiridae;Tapirus;indicus;Japan;JPN
Tapirus indicus;1;19;Animalia;Mammalia;Perissodactyla;Tapiridae;Tapirus;indicus;Kazakhstan;KAZ
Tapirus indicus;1;19;Animalia;Mammalia;Perissodactyla;Tapiridae;Tapirus;indicus;Mongolia;MNG
Tapirus indicus;1;19;Animalia;Mammalia;Perissodactyla;Tapiridae;Tapirus;indicus;New Caledonia;NCL
Tapirus indicus;1;19;Animalia;Mammalia;Perissodactyla;Tapiridae;Tapirus;indicus;Russian Federation;RUS
Tapirus indicus;1;19;Animalia;Mammalia;Perissodactyla;Tapiridae;Tapirus;indicus;South Africa;ZAF
Tapirus indicus;1;19;Animalia;Mammalia;Perissodactyla;Tapiridae;Tapirus;indicus;Sri Lanka;LKA
Tapirus indicus;1;19;Animalia;Mammalia;Perissodactyla;Tapiridae;Tapirus;indicus;Switzerland;CHE
Tapirus indicus;1;19;Animalia;Mammalia;Perissodactyla;Tapiridae;Tapirus;indicus;Turkmenistan;TKM
Tapirus indicus;1;19;Animalia;Mammalia;Perissodactyla;Tapiridae;Tapirus;indicus;Uzbekistan;UZB
Telmatobius culeus;5;7;Animalia;Amphibia;Anura;Telmatobiidae;Telmatobius;culeus;Peru;PER
Telmatobius culeus;4;7;Animalia;Amphibia;Anura;Telmatobiidae;Telmatobius;culeus;United States;USA
Telmatobius culeus;3;7;Animalia;Amphibia;Anura;Telmatobiidae;Telmatobius;culeus;Bolivia, Plurinational State of;BOL
Telmatobius culeus;3;7;Animalia;Amphibia;Anura;Telmatobiidae;Telmatobius;culeus;Czechia;CZE
Telmatobius culeus;1;7;Animalia;Amphibia;Anura;Telmatobiidae;Telmatobius;culeus;Australia;AUS
Telmatobius culeus;1;7;Animalia;Amphibia;Anura;Telmatobiidae;Telmatobius;culeus;Kazakhstan;KAZ
Telmatobius culeus;1;7;Animalia;Amphibia;Anura;Telmatobiidae;Telmatobius;culeus;New Caledonia;NCL
Telmatobius culeus;1;7;Animalia;Amphibia;Anura;Telmatobiidae;Telmatobius;culeus;Panama;PAN
Telmatobius culeus;1;7;Animalia;Amphibia;Anura;Telmatobiidae;Telmatobius;culeus;United Kingdom;GBR
Testudo kleinmanni;1;1;Animalia;Reptilia;Testudines;Testudinidae;Testudo;kleinmanni;Israel;ISR
Testudo kleinmanni;1;1;Animalia;Reptilia;Testudines;Testudinidae;Testudo;kleinmanni;United Kingdom;GBR
Tomistoma schlegelii;7;25;Animalia;Reptilia;Crocodylia;Crocodylidae;Tomistoma;schlegelii;United Kingdom;GBR
Tomistoma schlegelii;5;25;Animalia;Reptilia;Crocodylia;Crocodylidae;Tomistoma;schlegelii;Indonesia;IDN
Tomistoma schlegelii;5;25;Animalia;Reptilia;Crocodylia;Crocodylidae;Tomistoma;schlegelii;Malaysia;MYS
Tomistoma schlegelii;5;25;Animalia;Reptilia;Crocodylia;Crocodylidae;Tomistoma;schlegelii;United States;USA
Tomistoma schlegelii;3;25;Animalia;Reptilia;Crocodylia;Crocodylidae;Tomistoma;schlegelii;China;CHN
Tomistoma schlegelii;2;25;Animalia;Reptilia;Crocodylia;Crocodylidae;Tomistoma;schlegelii;Mexico;MEX
Tomistoma schlegelii;2;25;Animalia;Reptilia;Crocodylia;Crocodylidae;Tomistoma;schlegelii;Philippines;PHL
Tomistoma schlegelii;2;25;Animalia;Reptilia;Crocodylia;Crocodylidae;Tomistoma;schlegelii;Thailand;THA
Tomistoma schlegelii;1;25;Animalia;Reptilia;Crocodylia;Crocodylidae;Tomistoma;schlegelii;Armenia;ARM
Tomistoma schlegelii;1;25;Animalia;Reptilia;Crocodylia;Crocodylidae;Tomistoma;schlegelii;Australia;AUS
Tomistoma schlegelii;1;25;Animalia;Reptilia;Crocodylia;Crocodylidae;Tomistoma;schlegelii;Brazil;BRA
Tomistoma schlegelii;1;25;Animalia;Reptilia;Crocodylia;Crocodylidae;Tomistoma;schlegelii;Cambodia;KHM
Tomistoma schlegelii;1;25;Animalia;Reptilia;Crocodylia;Crocodylidae;Tomistoma;schlegelii;Colombia;COL
Tomistoma schlegelii;1;25;Animalia;Reptilia;Crocodylia;Crocodylidae;Tomistoma;schlegelii;India;IND
Tomistoma schlegelii;1;25;Animalia;Reptilia;Crocodylia;Crocodylidae;Tomistoma;schlegelii;Iran, Islamic Republic of;IRN
Tomistoma schlegelii;1;25;Animalia;Reptilia;Crocodylia;Crocodylidae;Tomistoma;schlegelii;New Zealand;NZL
Tomistoma schlegelii;1;25;Animalia;Reptilia;Crocodylia;Crocodylidae;Tomistoma;schlegelii;Spain;ESP
Tomistoma schlegelii;1;25;Animalia;Reptilia;Crocodylia;Crocodylidae;Tomistoma;schlegelii;Uganda;UGA
Trachypithecus geei;1;1;Animalia;Mammalia;Primates;Cercopithecidae;Trachypithecus;geei;India;IND
Tremarctos ornatus;3;24;Animalia;Mammalia;Carnivora;Ursidae;Tremarctos;ornatus;France;FRA
Tremarctos ornatus;3;24;Animalia;Mammalia;Carnivora;Ursidae;Tremarctos;ornatus;Peru;PER
Tremarctos ornatus;2;24;Animalia;Mammalia;Carnivora;Ursidae;Tremarctos;ornatus;Bolivia, Plurinational State of;BOL
Tremarctos ornatus;2;24;Animalia;Mammalia;Carnivora;Ursidae;Tremarctos;ornatus;United States;USA
Tremarctos ornatus;2;24;Animalia;Mammalia;Carnivora;Ursidae;Tremarctos;ornatus;Venezuela, Bolivarian Republic of;VEN
Tremarctos ornatus;1;24;Animalia;Mammalia;Carnivora;Ursidae;Tremarctos;ornatus;Argentina;ARG
Tremarctos ornatus;1;24;Animalia;Mammalia;Carnivora;Ursidae;Tremarctos;ornatus;Australia;AUS
Tremarctos ornatus;1;24;Animalia;Mammalia;Carnivora;Ursidae;Tremarctos;ornatus;Colombia;COL
Tremarctos ornatus;1;24;Animalia;Mammalia;Carnivora;Ursidae;Tremarctos;ornatus;Ecuador;ECU
Tremarctos ornatus;1;24;Animalia;Mammalia;Carnivora;Ursidae;Tremarctos;ornatus;Germany;DEU
Ursus arctos;1;1;Animalia;Mammalia;Carnivora;Ursidae;Ursus;arctos;Poland;POL
Ursus arctos isabellinus;1;2;Animalia;Mammalia;Carnivora;Ursidae;Ursus;arctos;Pakistan;PAK
Ursus arctos isabellinus;1;2;Animalia;Mammalia;Carnivora;Ursidae;Ursus;arctos;Sri Lanka;LKA
Ursus thibetanus;1;6;Animalia;Mammalia;Carnivora;Ursidae;Ursus;thibetanus;Bhutan;BTN
Ursus thibetanus;1;6;Animalia;Mammalia;Carnivora;Ursidae;Ursus;thibetanus;China;CHN
Ursus thibetanus;1;6;Animalia;Mammalia;Carnivora;Ursidae;Ursus;thibetanus;India;IND
Ursus thibetanus;1;6;Animalia;Mammalia;Carnivora;Ursidae;Ursus;thibetanus;Myanmar;MMR
Ursus thibetanus;1;6;Animalia;Mammalia;Carnivora;Ursidae;Ursus;thibetanus;Nepal;NPL
Ursus thibetanus;1;6;Animalia;Mammalia;Carnivora;Ursidae;Ursus;thibetanus;Thailand;THA
Varanus bengalensis;1;2;Animalia;Reptilia;Sauria;Varanidae;Varanus;bengalensis;Bangladesh;BGD
Varanus bengalensis;1;2;Animalia;Reptilia;Sauria;Varanidae;Varanus;bengalensis;India;IND
Varanus bengalensis;1;2;Animalia;Reptilia;Sauria;Varanidae;Varanus;bengalensis;Indonesia;IDN
Varanus bengalensis;1;2;Animalia;Reptilia;Sauria;Varanidae;Varanus;bengalensis;Nepal;NPL
Varanus bengalensis;1;2;Animalia;Reptilia;Sauria;Varanidae;Varanus;bengalensis;Sri Lanka;LKA
Varanus komodoensis;1;4;Animalia;Reptilia;Sauria;Varanidae;Varanus;komodoensis;Indonesia;IDN
Varecia rubra;11;16;Animalia;Mammalia;Primates;Lemuridae;Varecia;rubra;Madagascar;MDG
Varecia rubra;3;16;Animalia;Mammalia;Primates;Lemuridae;Varecia;rubra;United Kingdom;GBR
Varecia rubra;2;16;Animalia;Mammalia;Primates;Lemuridae;Varecia;rubra;India;IND
Varecia rubra;1;16;Animalia;Mammalia;Primates;Lemuridae;Varecia;rubra;Australia;AUS
Varecia rubra;1;16;Animalia;Mammalia;Primates;Lemuridae;Varecia;rubra;Bhutan;BTN
Varecia rubra;1;16;Animalia;Mammalia;Primates;Lemuridae;Varecia;rubra;Canada;CAN
Varecia rubra;1;16;Animalia;Mammalia;Primates;Lemuridae;Varecia;rubra;China;CHN
Varecia rubra;1;16;Animalia;Mammalia;Primates;Lemuridae;Varecia;rubra;Congo, The Democratic Republic of the;COD
Varecia rubra;1;16;Animalia;Mammalia;Primates;Lemuridae;Varecia;rubra;France;FRA
Varecia rubra;1;16;Animalia;Mammalia;Primates;Lemuridae;Varecia;rubra;Ireland;IRL
Varecia rubra;1;16;Animalia;Mammalia;Primates;Lemuridae;Varecia;rubra;Myanmar;MMR
Varecia rubra;1;16;Animalia;Mammalia;Primates;Lemuridae;Varecia;rubra;Nepal;NPL
Varecia rubra;1;16;Animalia;Mammalia;Primates;Lemuridae;Varecia;rubra;New Zealand;NZL
Varecia rubra;1;16;Animalia;Mammalia;Primates;Lemuridae;Varecia;rubra;Tunisia;TUN
Varecia variegata;3;7;Animalia;Mammalia;Primates;Lemuridae;Varecia;variegata;Madagascar;MDG
Varecia variegata;1;7;Animalia;Mammalia;Primates;Lemuridae;Varecia;variegata;Guinea;GIN
Vicugna vicugna;2;4;Animalia;Mammalia;Artiodactyla;Camelidae;Vicugna;vicugna;United Kingdom;GBR
Vultur gryphus;1;2;Animalia;Aves;Falconiformes;Cathartidae;Vultur;gryphus;Colombia;COL
