scientific_name;mentions;shares;country;iso3
Abies guatemalensis;1;1396.0;Guatemala;GTM
Acerodon jubatus;3;5304.0;Philippines;PHL
Acerodon jubatus;1;5304.0;Congo, The Democratic Republic of the;COD
Acerodon jubatus;1;5304.0;Indonesia;IDN
Acerodon jubatus;1;5304.0;Myanmar;MMR
Acerodon jubatus;1;5304.0;Thailand;THA
Acerodon jubatus;1;5304.0;United States;USA
Acerodon jubatus;1;5304.0;Zimbabwe;ZWE
Acinonyx jubatus;1;15032.0;Namibia;NAM
Acipenser sturio;3;7992.0;United Kingdom;GBR
Acipenser sturio;2;7992.0;Canada;CAN
Acipenser sturio;2;7992.0;United States;USA
Acipenser sturio;1;7992.0;Georgia;GEO
Acipenser sturio;1;7992.0;Netherlands;NLD
Acipenser sturio;1;7992.0;Russian Federation;RUS
Addax nasomaculatus;1;1610.0;Australia;AUS
Addax nasomaculatus;1;1610.0;Chad;TCD
Addax nasomaculatus;1;1610.0;Japan;JPN
Addax nasomaculatus;1;1610.0;Kenya;KEN
Addax nasomaculatus;1;1610.0;Libya;LBY
Addax nasomaculatus;1;1610.0;Niger;NER
Addax nasomaculatus;1;1610.0;Nigeria;NGA
Ailuropoda melanoleuca;5;4676.0;China;CHN
Ailuropoda melanoleuca;2;4676.0;United States;USA
Alligator sinensis;4;10474.0;China;CHN
Alligator sinensis;2;10474.0;United States;USA
Alligator sinensis;1;10474.0;Hong Kong;HKG
Alligator sinensis;1;10474.0;Viet Nam;VNM
Amazona auropalliata;1;1112.0;Cayman Islands;CYM
Amazona auropalliata;1;1112.0;Honduras;HND
Amazona auropalliata;1;1112.0;Jamaica;JAM
Amazona auropalliata;1;1112.0;Macao;MAC
Amazona auropalliata;1;1112.0;Nicaragua;NIC
Amazona finschi;1;455.0;Mexico;MEX
Amazona leucocephala;1;451.0;Cayman Islands;CYM
Amazona leucocephala;1;451.0;Puerto Rico;PRI
Amazona oratrix;1;931.0;United Kingdom;GBR
Amazona rhodocorytha;1;1114.0;Brazil;BRA
Amazona rhodocorytha;1;1114.0;Brunei Darussalam;BRN
Amazona rhodocorytha;1;1114.0;Iceland;ISL
Amazona rhodocorytha;1;1114.0;Indonesia;IDN
Amazona rhodocorytha;1;1114.0;Kenya;KEN
Amazona rhodocorytha;1;1114.0;Lebanon;LBN
Amazona rhodocorytha;1;1114.0;Malaysia;MYS
Amazona rhodocorytha;1;1114.0;Mongolia;MNG
Amazona rhodocorytha;1;1114.0;Papua New Guinea;PNG
Amazona rhodocorytha;1;1114.0;Peru;PER
Amazona rhodocorytha;1;1114.0;Tanzania, United Republic of;TZA
Amazona vinacea;1;788.0;Austria;AUT
Amazona vinacea;1;788.0;Brazil;BRA
Amazona vinacea;1;788.0;Germany;DEU
Amazona vinacea;1;788.0;Paraguay;PRY
Amazona vinacea;1;788.0;Qatar;QAT
Amazona vinacea;1;788.0;Spain;ESP
Amazona vinacea;1;788.0;United States;USA
Amazona vittata;4;3623.0;United States;USA
Amazona vittata;1;3623.0;Australia;AUS
Amazona vittata;1;3623.0;Bolivia, Plurinational State of;BOL
Amazona vittata;1;3623.0;Costa Rica;CRI
Amazona vittata;1;3623.0;Egypt;EGY
Amazona vittata;1;3623.0;Guinea;GIN
Amazona vittata;1;3623.0;Indonesia;IDN
Amazona vittata;1;3623.0;Japan;JPN
Amazona vittata;1;3623.0;Mexico;MEX
Amazona vittata;1;3623.0;Papua New Guinea;PNG
Amazona vittata;1;3623.0;Peru;PER
Amazona vittata;1;3623.0;Puerto Rico;PRI
Amazona vittata;1;3623.0;Romania;ROU
Amazona vittata;1;3623.0;Saudi Arabia;SAU
Amazona vittata;1;3623.0;South Africa;ZAF
Amazona vittata;1;3623.0;Switzerland;CHE
Amazona vittata;1;3623.0;United Arab Emirates;ARE
Anas laysanensis;1;1249.0;Japan;JPN
Anas laysanensis;1;1249.0;United Kingdom;GBR
Anas laysanensis;1;1249.0;United States;USA
Andrias davidianus;1;3329.0;China;CHN
Anodorhynchus glaucus;1;988.0;Argentina;ARG
Anodorhynchus glaucus;1;988.0;Bolivia, Plurinational State of;BOL
Anodorhynchus glaucus;1;988.0;Brazil;BRA
Anodorhynchus glaucus;1;988.0;China;CHN
Anodorhynchus glaucus;1;988.0;Colombia;COL
Anodorhynchus glaucus;1;988.0;India;IND
Anodorhynchus glaucus;1;988.0;Peru;PER
Anodorhynchus glaucus;1;988.0;Russian Federation;RUS
Anodorhynchus glaucus;1;988.0;South Africa;ZAF
Anodorhynchus glaucus;1;988.0;United States;USA
Anodorhynchus glaucus;1;988.0;Uruguay;URY
Anodorhynchus hyacinthinus;2;1409.0;Brazil;BRA
Anodorhynchus hyacinthinus;1;1409.0;Argentina;ARG
Anodorhynchus hyacinthinus;1;1409.0;Bolivia, Plurinational State of;BOL
Anodorhynchus hyacinthinus;1;1409.0;Costa Rica;CRI
Anodorhynchus hyacinthinus;1;1409.0;Ecuador;ECU
Anodorhynchus hyacinthinus;1;1409.0;Mexico;MEX
Anodorhynchus hyacinthinus;1;1409.0;Paraguay;PRY
Anodorhynchus hyacinthinus;1;1409.0;Peru;PER
Anodorhynchus hyacinthinus;1;1409.0;United States;USA
Anodorhynchus hyacinthinus;1;1409.0;Uruguay;URY
Anodorhynchus leari;2;3467.0;Brazil;BRA
Anodorhynchus leari;1;3467.0;Bolivia, Plurinational State of;BOL
Anodorhynchus leari;1;3467.0;Canada;CAN
Anodorhynchus leari;1;3467.0;India;IND
Anoxypristis cuspidata;2;3061.0;Costa Rica;CRI
Anoxypristis cuspidata;1;3061.0;China;CHN
Anoxypristis cuspidata;1;3061.0;Cocos (Keeling) Islands;CCK
Anoxypristis cuspidata;1;3061.0;El Salvador;SLV
Anoxypristis cuspidata;1;3061.0;Guatemala;GTM
Anoxypristis cuspidata;1;3061.0;Nicaragua;NIC
Aonyx cinerea;1;3080.0;Australia;AUS
Aonyx cinerea;1;3080.0;New Zealand;NZL
Aquila adalberti;2;1583.0;Dominican Republic;DOM
Aquila adalberti;1;1583.0;Brazil;BRA
Aquila adalberti;1;1583.0;Canada;CAN
Aquila adalberti;1;1583.0;Haiti;HTI
Aquila adalberti;1;1583.0;Mexico;MEX
Aquila adalberti;1;1583.0;Spain;ESP
Aquila adalberti;1;1583.0;United Kingdom;GBR
Aquila adalberti;1;1583.0;United States;USA
Aquila heliaca;2;6757.0;Iran, Islamic Republic of;IRN
Aquila heliaca;2;6757.0;United States;USA
Aquila heliaca;1;6757.0;Georgia;GEO
Aquila heliaca;1;6757.0;India;IND
Aquila heliaca;1;6757.0;Italy;ITA
Aquila heliaca;1;6757.0;Portugal;PRT
Aquila heliaca;1;6757.0;Russian Federation;RUS
Aquila heliaca;1;6757.0;Turkey;TUR
Ara ambiguus;1;6029.0;Bolivia, Plurinational State of;BOL
Ara ambiguus;1;6029.0;Brazil;BRA
Ara ambiguus;1;6029.0;Chile;CHL
Ara ambiguus;1;6029.0;Costa Rica;CRI
Ara ambiguus;1;6029.0;Guinea;GIN
Ara ambiguus;1;6029.0;Honduras;HND
Ara ambiguus;1;6029.0;Jersey;JEY
Ara ambiguus;1;6029.0;Mexico;MEX
Ara ambiguus;1;6029.0;Peru;PER
Ara ambiguus;1;6029.0;South Africa;ZAF
Ara ambiguus;1;6029.0;United Kingdom;GBR
Ara ambiguus;1;6029.0;United States;USA
Ara glaucogularis;1;980.0;Bolivia, Plurinational State of;BOL
Ara macao;1;1378.0;Mexico;MEX
Ara militaris;1;539.0;Mexico;MEX
Arctocephalus townsendi;2;3500.0;Mexico;MEX
Arctocephalus townsendi;1;3500.0;New Zealand;NZL
Arctocephalus townsendi;1;3500.0;Portugal;PRT
Arctocephalus townsendi;1;3500.0;Spain;ESP
Ardeotis nigriceps;1;5868.0;India;IND
Ardeotis nigriceps;1;5868.0;Pakistan;PAK
Astrochelys yniphora;3;2409.0;Madagascar;MDG
Astrochelys yniphora;2;2409.0;South Africa;ZAF
Astrochelys yniphora;1;2409.0;Bangladesh;BGD
Astrochelys yniphora;1;2409.0;Benin;BEN
Astrochelys yniphora;1;2409.0;Chad;TCD
Astrochelys yniphora;1;2409.0;China;CHN
Astrochelys yniphora;1;2409.0;Ethiopia;ETH
Astrochelys yniphora;1;2409.0;France;FRA
Astrochelys yniphora;1;2409.0;Ghana;GHA
Astrochelys yniphora;1;2409.0;Greece;GRC
Astrochelys yniphora;1;2409.0;India;IND
Astrochelys yniphora;1;2409.0;Indonesia;IDN
Astrochelys yniphora;1;2409.0;Italy;ITA
Astrochelys yniphora;1;2409.0;Malta;MLT
Astrochelys yniphora;1;2409.0;Myanmar;MMR
Astrochelys yniphora;1;2409.0;Nigeria;NGA
Astrochelys yniphora;1;2409.0;Peru;PER
Astrochelys yniphora;1;2409.0;Singapore;SGP
Astrochelys yniphora;1;2409.0;South Sudan;SSD
Astrochelys yniphora;1;2409.0;Sudan;SDN
Astrochelys yniphora;1;2409.0;Thailand;THA
Astrochelys yniphora;1;2409.0;United Kingdom;GBR
Astrochelys yniphora;1;2409.0;United States;USA
Astrochelys yniphora;1;2409.0;Viet Nam;VNM
Atelopus zeteki;1;3458.0;Philippines;PHL
Avahi laniger;1;366.0;Brazil;BRA
Avahi laniger;1;366.0;Congo;COG
Avahi laniger;1;366.0;Congo, The Democratic Republic of the;COD
Avahi laniger;1;366.0;Indonesia;IDN
Avahi laniger;1;366.0;Madagascar;MDG
Avahi laniger;1;366.0;Panama;PAN
Axis calamianensis;1;843.0;Guam;GUM
Axis calamianensis;1;843.0;Japan;JPN
Axis calamianensis;1;843.0;United States;USA
Balaena mysticetus;1;3128.0;Canada;CAN
Balaena mysticetus;1;3128.0;Finland;FIN
Balaena mysticetus;1;3128.0;United States;USA
Balaenoptera acutorostrata;1;2486.0;Colombia;COL
Balaenoptera acutorostrata;1;2486.0;Iceland;ISL
Balaenoptera acutorostrata;1;2486.0;Mexico;MEX
Balaenoptera acutorostrata;1;2486.0;Tonga;TON
Balaenoptera edeni;1;3486.0;Japan;JPN
Balaenoptera edeni;1;3486.0;Solomon Islands;SLB
Balaenoptera edeni;1;3486.0;United States;USA
Balaenoptera musculus;1;10616.0;Canada;CAN
Balaenoptera musculus;1;10616.0;Mexico;MEX
Balaenoptera omurai;1;1068.0;Indonesia;IDN
Balaenoptera physalus;1;5203.0;Canada;CAN
Balaenoptera physalus;1;5203.0;Iceland;ISL
Balaenoptera physalus;1;5203.0;Japan;JPN
Balaenoptera physalus;1;5203.0;Norway;NOR
Balaenoptera physalus;1;5203.0;United States;USA
Batagur affinis;1;890.0;Cambodia;KHM
Batagur affinis;1;890.0;Singapore;SGP
Batagur affinis;1;890.0;Thailand;THA
Batagur baska;2;2648.0;United Kingdom;GBR
Batagur baska;1;2648.0;Brunei Darussalam;BRN
Batagur baska;1;2648.0;Cambodia;KHM
Batagur baska;1;2648.0;India;IND
Batagur baska;1;2648.0;Indonesia;IDN
Batagur baska;1;2648.0;Malaysia;MYS
Batagur baska;1;2648.0;Thailand;THA
Berardius bairdii;1;1620.0;Australia;AUS
Berardius bairdii;1;1620.0;China;CHN
Berardius bairdii;1;1620.0;Colombia;COL
Berardius bairdii;1;1620.0;Guyana;GUY
Berardius bairdii;1;1620.0;India;IND
Berardius bairdii;1;1620.0;Indonesia;IDN
Berardius bairdii;1;1620.0;Madagascar;MDG
Berardius bairdii;1;1620.0;Mexico;MEX
Berardius bairdii;1;1620.0;Papua New Guinea;PNG
Berardius bairdii;1;1620.0;Philippines;PHL
Bettongia lesueur;1;2076.0;Australia;AUS
Bettongia penicillata;3;10472.0;Australia;AUS
Bos mutus;1;1282.0;China;CHN
Bos mutus;1;1282.0;Mongolia;MNG
Bos sauveli;1;6147.0;Burundi;BDI
Bos sauveli;1;6147.0;Congo;COG
Bos sauveli;1;6147.0;India;IND
Bos sauveli;1;6147.0;Lao People's Democratic Republic;LAO
Bos sauveli;1;6147.0;Philippines;PHL
Bos sauveli;1;6147.0;Rwanda;RWA
Bos sauveli;1;6147.0;Tanzania, United Republic of;TZA
Bos sauveli;1;6147.0;Uganda;UGA
Bos sauveli;1;6147.0;Viet Nam;VNM
Brachyteles arachnoides;2;1469.0;Brazil;BRA
Brachyteles arachnoides;1;1469.0;United Kingdom;GBR
Branta sandvicensis;3;7988.0;United States;USA
Branta sandvicensis;1;7988.0;Canada;CAN
Branta sandvicensis;1;7988.0;Costa Rica;CRI
Branta sandvicensis;1;7988.0;Japan;JPN
Branta sandvicensis;1;7988.0;Myanmar;MMR
Bunopithecus hoolock;1;790.0;Angola;AGO
Bunopithecus hoolock;1;790.0;Australia;AUS
Bunopithecus hoolock;1;790.0;Bolivia, Plurinational State of;BOL
Bunopithecus hoolock;1;790.0;Brazil;BRA
Bunopithecus hoolock;1;790.0;Chile;CHL
Bunopithecus hoolock;1;790.0;China;CHN
Bunopithecus hoolock;1;790.0;Costa Rica;CRI
Bunopithecus hoolock;1;790.0;India;IND
Bunopithecus hoolock;1;790.0;Indonesia;IDN
Bunopithecus hoolock;1;790.0;Myanmar;MMR
Bunopithecus hoolock;1;790.0;New Zealand;NZL
Bunopithecus hoolock;1;790.0;Papua New Guinea;PNG
Bunopithecus hoolock;1;790.0;Peru;PER
Bunopithecus hoolock;1;790.0;Philippines;PHL
Bunopithecus hoolock;1;790.0;Solomon Islands;SLB
Bunopithecus hoolock;1;790.0;South Africa;ZAF
Bunopithecus hoolock;1;790.0;Taiwan, Province of China;TWN
Bunopithecus hoolock;1;790.0;United Kingdom;GBR
Bunopithecus hoolock;1;790.0;United States;USA
Cacatua goffiniana;1;7396.0;Australia;AUS
Cacatua goffiniana;1;7396.0;Papua New Guinea;PNG
Cacatua goffiniana;1;7396.0;United States;USA
Cacatua haematuropygia;7;14257.0;Philippines;PHL
Cacatua haematuropygia;2;14257.0;Cambodia;KHM
Cacatua haematuropygia;2;14257.0;China;CHN
Cacatua haematuropygia;2;14257.0;India;IND
Cacatua haematuropygia;2;14257.0;Myanmar;MMR
Cacatua haematuropygia;2;14257.0;New Zealand;NZL
Cacatua haematuropygia;1;14257.0;Armenia;ARM
Cacatua haematuropygia;1;14257.0;Bangladesh;BGD
Cacatua haematuropygia;1;14257.0;Greece;GRC
Cacatua haematuropygia;1;14257.0;Hong Kong;HKG
Cacatua haematuropygia;1;14257.0;Indonesia;IDN
Cacatua haematuropygia;1;14257.0;Lao People's Democratic Republic;LAO
Cacatua haematuropygia;1;14257.0;Madagascar;MDG
Cacatua haematuropygia;1;14257.0;Panama;PAN
Cacatua haematuropygia;1;14257.0;Russian Federation;RUS
Cacatua haematuropygia;1;14257.0;Samoa;WSM
Cacatua haematuropygia;1;14257.0;Spain;ESP
Cacatua haematuropygia;1;14257.0;Thailand;THA
Cacatua haematuropygia;1;14257.0;Turkey;TUR
Cacatua haematuropygia;1;14257.0;Ukraine;UKR
Cacatua haematuropygia;1;14257.0;United Kingdom;GBR
Cacatua haematuropygia;1;14257.0;Viet Nam;VNM
Cacatua sulphurea;2;3369.0;Indonesia;IDN
Cacatua sulphurea;1;3369.0;Australia;AUS
Cacatua sulphurea;1;3369.0;Guinea;GIN
Callithrix aurita;1;556.0;Bolivia, Plurinational State of;BOL
Callithrix aurita;1;556.0;Brazil;BRA
Callithrix aurita;1;556.0;China;CHN
Callithrix aurita;1;556.0;Congo, The Democratic Republic of the;COD
Callithrix aurita;1;556.0;Côte d'Ivoire;CIV
Callithrix aurita;1;556.0;Ecuador;ECU
Callithrix aurita;1;556.0;Ghana;GHA
Callithrix aurita;1;556.0;Indonesia;IDN
Callithrix aurita;1;556.0;Madagascar;MDG
Callithrix aurita;1;556.0;Myanmar;MMR
Callithrix aurita;1;556.0;Peru;PER
Callithrix aurita;1;556.0;Viet Nam;VNM
Caloenas nicobarica;1;4070.0;Australia;AUS
Caloenas nicobarica;1;4070.0;Chile;CHL
Caloenas nicobarica;1;4070.0;India;IND
Caloenas nicobarica;1;4070.0;Malaysia;MYS
Caloenas nicobarica;1;4070.0;Solomon Islands;SLB
Caloenas nicobarica;1;4070.0;Thailand;THA
Caloenas nicobarica;1;4070.0;United States;USA
Canis lupus;12;21108.0;United States;USA
Canis lupus;11;21108.0;Mexico;MEX
Canis lupus;4;21108.0;Canada;CAN
Canis lupus;2;21108.0;Guatemala;GTM
Canis lupus;1;21108.0;Colombia;COL
Canis lupus;1;21108.0;France;FRA
Canis lupus;1;21108.0;Germany;DEU
Canis lupus;1;21108.0;Greenland;GRL
Canis lupus;1;21108.0;Iceland;ISL
Canis lupus;1;21108.0;Kenya;KEN
Canis lupus;1;21108.0;New Zealand;NZL
Canis lupus;1;21108.0;Norway;NOR
Capra falconeri;1;5238.0;Afghanistan;AFG
Capra falconeri;1;5238.0;Denmark;DNK
Capra falconeri;1;5238.0;Kenya;KEN
Capra falconeri;1;5238.0;New Zealand;NZL
Capra falconeri;1;5238.0;Pakistan;PAK
Capra falconeri;1;5238.0;South Africa;ZAF
Capra falconeri;1;5238.0;Spain;ESP
Capra falconeri;1;5238.0;Turkey;TUR
Capra falconeri;1;5238.0;United States;USA
Caracal caracal;1;2118.0;India;IND
Caracal caracal;1;2118.0;United States;USA
Caretta caretta;1;9303.0;Thailand;THA
Catagonus wagneri;3;5274.0;Kenya;KEN
Catagonus wagneri;2;5274.0;Australia;AUS
Catagonus wagneri;2;5274.0;Chile;CHL
Catagonus wagneri;2;5274.0;Germany;DEU
Catagonus wagneri;2;5274.0;Israel;ISR
Catagonus wagneri;2;5274.0;United Kingdom;GBR
Catagonus wagneri;1;5274.0;Austria;AUT
Catagonus wagneri;1;5274.0;Belarus;BLR
Catagonus wagneri;1;5274.0;Bolivia, Plurinational State of;BOL
Catagonus wagneri;1;5274.0;Czechia;CZE
Catagonus wagneri;1;5274.0;Hungary;HUN
Catagonus wagneri;1;5274.0;India;IND
Catagonus wagneri;1;5274.0;Indonesia;IDN
Catagonus wagneri;1;5274.0;Italy;ITA
Catagonus wagneri;1;5274.0;Nepal;NPL
Catagonus wagneri;1;5274.0;Norway;NOR
Catagonus wagneri;1;5274.0;Paraguay;PRY
Catagonus wagneri;1;5274.0;Saudi Arabia;SAU
Catagonus wagneri;1;5274.0;Spain;ESP
Catagonus wagneri;1;5274.0;United States;USA
Catagonus wagneri;1;5274.0;Yemen;YEM
Catagonus wagneri;1;5274.0;Zambia;ZMB
Catopuma temminckii;1;2556.0;Congo;COG
Catopuma temminckii;1;2556.0;Congo, The Democratic Republic of the;COD
Catopuma temminckii;1;2556.0;Gabon;GAB
Catopuma temminckii;1;2556.0;India;IND
Catopuma temminckii;1;2556.0;Myanmar;MMR
Catopuma temminckii;1;2556.0;Tanzania, United Republic of;TZA
Catopuma temminckii;1;2556.0;Viet Nam;VNM
Ceratotherium simum;5;6547.0;Kenya;KEN
Ceratotherium simum;4;6547.0;Sudan;SDN
Ceratotherium simum;2;6547.0;China;CHN
Ceratotherium simum;2;6547.0;Italy;ITA
Ceratotherium simum;2;6547.0;South Africa;ZAF
Ceratotherium simum;1;6547.0;Congo, The Democratic Republic of the;COD
Ceratotherium simum;1;6547.0;Czechia;CZE
Ceratotherium simum;1;6547.0;Germany;DEU
Ceratotherium simum;1;6547.0;Switzerland;CHE
Ceratotherium simum;1;6547.0;Tanzania, United Republic of;TZA
Ceratotherium simum;1;6547.0;Uganda;UGA
Ceratotherium simum;1;6547.0;Viet Nam;VNM
Ceratotherium simum simum;3;4124.0;Kenya;KEN
Ceratotherium simum simum;3;4124.0;Sudan;SDN
Ceratotherium simum simum;2;4124.0;Chad;TCD
Ceratotherium simum simum;2;4124.0;Congo, The Democratic Republic of the;COD
Ceratotherium simum simum;2;4124.0;Czechia;CZE
Ceratotherium simum simum;2;4124.0;South Africa;ZAF
Ceratotherium simum simum;2;4124.0;Uganda;UGA
Ceratotherium simum simum;1;4124.0;Central African Republic;CAF
Ceratotherium simum simum;1;4124.0;Congo;COG
Ceratotherium simum simum;1;4124.0;South Sudan;SSD
Cercopithecus roloway;1;1182.0;Côte d'Ivoire;CIV
Cercopithecus roloway;1;1182.0;Ghana;GHA
Cercopithecus roloway;1;1182.0;Indonesia;IDN
Cercopithecus roloway;1;1182.0;Madagascar;MDG
Cercopithecus roloway;1;1182.0;Singapore;SGP
Cercopithecus roloway;1;1182.0;United Kingdom;GBR
Cercopithecus roloway;1;1182.0;Viet Nam;VNM
Chelonia mydas;1;1282.0;Costa Rica;CRI
Chelonoidis niger;1;36435.0;Ecuador;ECU
Chelonoidis niger;1;36435.0;Nepal;NPL
Chelonoidis niger;1;36435.0;United Kingdom;GBR
Chelonoidis niger;1;36435.0;United States;USA
Chlamydotis macqueenii;2;4267.0;Saudi Arabia;SAU
Chlamydotis macqueenii;1;4267.0;Bahrain;BHR
Chlamydotis macqueenii;1;4267.0;India;IND
Chlamydotis macqueenii;1;4267.0;Pakistan;PAK
Chlamydotis macqueenii;1;4267.0;Qatar;QAT
Chlamydotis macqueenii;1;4267.0;United Arab Emirates;ARE
Chlamydotis undulata;3;9409.0;Pakistan;PAK
Chlamydotis undulata;2;9409.0;Qatar;QAT
Chlamydotis undulata;2;9409.0;United Kingdom;GBR
Chlamydotis undulata;1;9409.0;Albania;ALB
Chlamydotis undulata;1;9409.0;Bahrain;BHR
Chlamydotis undulata;1;9409.0;China;CHN
Chlamydotis undulata;1;9409.0;Croatia;HRV
Chlamydotis undulata;1;9409.0;Cyprus;CYP
Chlamydotis undulata;1;9409.0;Egypt;EGY
Chlamydotis undulata;1;9409.0;France;FRA
Chlamydotis undulata;1;9409.0;Greece;GRC
Chlamydotis undulata;1;9409.0;India;IND
Chlamydotis undulata;1;9409.0;Italy;ITA
Chlamydotis undulata;1;9409.0;Kazakhstan;KAZ
Chlamydotis undulata;1;9409.0;Kuwait;KWT
Chlamydotis undulata;1;9409.0;Lebanon;LBN
Chlamydotis undulata;1;9409.0;Libya;LBY
Chlamydotis undulata;1;9409.0;Malta;MLT
Chlamydotis undulata;1;9409.0;Mongolia;MNG
Chlamydotis undulata;1;9409.0;Saudi Arabia;SAU
Chlamydotis undulata;1;9409.0;Spain;ESP
Chlamydotis undulata;1;9409.0;Syrian Arab Republic;SYR
Chlamydotis undulata;1;9409.0;United Arab Emirates;ARE
Crocodylus acutus;2;2630.0;Cuba;CUB
Crocodylus acutus;1;2630.0;Argentina;ARG
Crocodylus acutus;1;2630.0;Congo;COG
Crocodylus acutus;1;2630.0;United States;USA
Crocodylus cataphractus;3;47671.0;United States;USA
Crocodylus cataphractus;1;47671.0;Côte d'Ivoire;CIV
Crocodylus cataphractus;1;47671.0;Gambia;GMB
Crocodylus cataphractus;1;47671.0;Mexico;MEX
Crocodylus cataphractus;1;47671.0;Nigeria;NGA
Crocodylus cataphractus;1;47671.0;Senegal;SEN
Crocodylus cataphractus;1;47671.0;Uganda;UGA
Crocodylus mindorensis;1;1670.0;Australia;AUS
Crocodylus mindorensis;1;1670.0;India;IND
Crocodylus mindorensis;1;1670.0;Philippines;PHL
Crocodylus moreletii;1;491.0;Australia;AUS
Crocodylus moreletii;1;491.0;Bolivia, Plurinational State of;BOL
Crocodylus moreletii;1;491.0;Indonesia;IDN
Crocodylus moreletii;1;491.0;Kenya;KEN
Crocodylus moreletii;1;491.0;Mexico;MEX
Crocodylus palustris;1;2173.0;Bhutan;BTN
Crocodylus palustris;1;2173.0;Myanmar;MMR
Crocodylus porosus;1;2746.0;Australia;AUS
Crocodylus porosus;1;2746.0;Singapore;SGP
Crocodylus porosus;1;2746.0;United Kingdom;GBR
Cuora bourreti;1;560.0;China;CHN
Cuora bourreti;1;560.0;Russian Federation;RUS
Cuora bourreti;1;560.0;United States;USA
Cuora bourreti;1;560.0;Viet Nam;VNM
Cyanopsitta spixii;4;4324.0;Brazil;BRA
Cyanopsitta spixii;4;4324.0;China;CHN
Cyanopsitta spixii;2;4324.0;Russian Federation;RUS
Cyanopsitta spixii;2;4324.0;United States;USA
Cyanopsitta spixii;1;4324.0;Australia;AUS
Cyanopsitta spixii;1;4324.0;Canada;CAN
Cyanopsitta spixii;1;4324.0;Denmark;DNK
Cyanopsitta spixii;1;4324.0;Germany;DEU
Cyanopsitta spixii;1;4324.0;Mexico;MEX
Cyanopsitta spixii;1;4324.0;Norway;NOR
Cyanopsitta spixii;1;4324.0;Philippines;PHL
Cyanoramphus novaezelandiae;2;820.0;New Zealand;NZL
Cyclura collei;2;2574.0;Mexico;MEX
Cyclura collei;1;2574.0;Canada;CAN
Cyclura collei;1;2574.0;China;CHN
Cyclura collei;1;2574.0;Colombia;COL
Cyclura collei;1;2574.0;Indonesia;IDN
Cyclura collei;1;2574.0;Kenya;KEN
Cyclura collei;1;2574.0;United States;USA
Cyclura lewisi;1;2052.0;Cayman Islands;CYM
Dalbergia nigra;1;3427.0;Bahamas;BHS
Dalbergia nigra;1;3427.0;Cuba;CUB
Dermochelys coriacea;2;12102.0;Thailand;THA
Dermochelys coriacea;2;12102.0;United Kingdom;GBR
Dermochelys coriacea;1;12102.0;Australia;AUS
Dermochelys coriacea;1;12102.0;Costa Rica;CRI
Dermochelys coriacea;1;12102.0;Mexico;MEX
Dermochelys coriacea;1;12102.0;Nicaragua;NIC
Dicerorhinus sumatrensis;2;4204.0;Indonesia;IDN
Dicerorhinus sumatrensis;2;4204.0;Malaysia;MYS
Dicerorhinus sumatrensis;2;4204.0;United States;USA
Dicerorhinus sumatrensis;1;4204.0;Guam;GUM
Diceros bicornis;4;23436.0;United States;USA
Diceros bicornis;2;23436.0;Namibia;NAM
Diceros bicornis;1;23436.0;Botswana;BWA
Diceros bicornis;1;23436.0;Chad;TCD
Diceros bicornis;1;23436.0;France;FRA
Diceros bicornis;1;23436.0;Kenya;KEN
Diceros bicornis;1;23436.0;Russian Federation;RUS
Diceros bicornis;1;23436.0;Rwanda;RWA
Diceros bicornis;1;23436.0;South Africa;ZAF
Diceros bicornis;1;23436.0;Zambia;ZMB
Diceros bicornis;1;23436.0;Zimbabwe;ZWE
Dugong dugon;1;4978.0;United States;USA
Elephas maximus;3;25494.0;Myanmar;MMR
Elephas maximus;2;25494.0;Brazil;BRA
Elephas maximus;2;25494.0;China;CHN
Elephas maximus;2;25494.0;Thailand;THA
Elephas maximus;2;25494.0;United Kingdom;GBR
Elephas maximus;1;25494.0;Argentina;ARG
Elephas maximus;1;25494.0;Bangladesh;BGD
Elephas maximus;1;25494.0;Botswana;BWA
Elephas maximus;1;25494.0;Germany;DEU
Elephas maximus;1;25494.0;India;IND
Elephas maximus;1;25494.0;Japan;JPN
Elephas maximus;1;25494.0;Malaysia;MYS
Elephas maximus;1;25494.0;Namibia;NAM
Elephas maximus;1;25494.0;Pakistan;PAK
Elephas maximus;1;25494.0;South Africa;ZAF
Elephas maximus;1;25494.0;Sri Lanka;LKA
Elephas maximus;1;25494.0;Sweden;SWE
Elephas maximus;1;25494.0;United States;USA
Elephas maximus;1;25494.0;Zimbabwe;ZWE
Encephalartos woodii;2;849.0;New Zealand;NZL
Encephalartos woodii;1;849.0;Australia;AUS
Encephalartos woodii;1;849.0;South Africa;ZAF
Epicrates inornatus;3;1127.0;United States;USA
Epicrates inornatus;1;1127.0;Guam;GUM
Epicrates inornatus;1;1127.0;Jersey;JEY
Epicrates inornatus;1;1127.0;Mexico;MEX
Epicrates inornatus;1;1127.0;Puerto Rico;PRI
Epicrates inornatus;1;1127.0;Virgin Islands, U.S.;VIR
Equus africanus;1;9948.0;Australia;AUS
Equus africanus;1;9948.0;Brazil;BRA
Equus africanus;1;9948.0;France;FRA
Equus africanus;1;9948.0;Germany;DEU
Equus africanus;1;9948.0;Hungary;HUN
Equus africanus;1;9948.0;Indonesia;IDN
Equus africanus;1;9948.0;Israel;ISR
Equus africanus;1;9948.0;Japan;JPN
Equus africanus;1;9948.0;Serbia;SRB
Equus africanus;1;9948.0;Singapore;SGP
Equus africanus;1;9948.0;South Africa;ZAF
Equus africanus;1;9948.0;Taiwan, Province of China;TWN
Equus africanus;1;9948.0;United States;USA
Equus grevyi;1;1186.0;Bangladesh;BGD
Equus grevyi;1;1186.0;Benin;BEN
Equus grevyi;1;1186.0;Congo;COG
Equus grevyi;1;1186.0;India;IND
Equus grevyi;1;1186.0;Kenya;KEN
Equus grevyi;1;1186.0;Myanmar;MMR
Equus grevyi;1;1186.0;Nigeria;NGA
Equus grevyi;1;1186.0;Senegal;SEN
Equus grevyi;1;1186.0;South Africa;ZAF
Equus hemionus khur;2;1768.0;India;IND
Equus hemionus khur;1;1768.0;Australia;AUS
Equus hemionus khur;1;1768.0;Kenya;KEN
Equus hemionus khur;1;1768.0;New Caledonia;NCL
Equus hemionus khur;1;1768.0;New Zealand;NZL
Equus przewalskii;1;2231.0;China;CHN
Equus przewalskii;1;2231.0;Germany;DEU
Equus przewalskii;1;2231.0;Mongolia;MNG
Equus przewalskii;1;2231.0;United States;USA
Eretmochelys imbricata;1;6106.0;Australia;AUS
Eretmochelys imbricata;1;6106.0;Brazil;BRA
Eretmochelys imbricata;1;6106.0;China;CHN
Eretmochelys imbricata;1;6106.0;France;FRA
Eretmochelys imbricata;1;6106.0;Ghana;GHA
Eretmochelys imbricata;1;6106.0;Lao People's Democratic Republic;LAO
Eretmochelys imbricata;1;6106.0;Viet Nam;VNM
Eschrichtius robustus;4;8916.0;Mexico;MEX
Eschrichtius robustus;2;8916.0;Canada;CAN
Eschrichtius robustus;2;8916.0;United States;USA
Eschrichtius robustus;1;8916.0;Jersey;JEY
Eubalaena australis;2;5135.0;Australia;AUS
Eubalaena australis;1;5135.0;Argentina;ARG
Eubalaena australis;1;5135.0;Canada;CAN
Eubalaena australis;1;5135.0;Denmark;DNK
Eubalaena australis;1;5135.0;Georgia;GEO
Eubalaena australis;1;5135.0;United Kingdom;GBR
Eubalaena australis;1;5135.0;United States;USA
Eubalaena glacialis;1;4901.0;Canada;CAN
Eubalaena glacialis;1;4901.0;United States;USA
Eulemur albifrons;1;619.0;Madagascar;MDG
Eulemur coronatus;2;4101.0;United States;USA
Eulemur coronatus;1;4101.0;Madagascar;MDG
Eulemur coronatus;1;4101.0;United Kingdom;GBR
Eulemur fulvus;1;1560.0;Madagascar;MDG
Eulemur macaco;4;2251.0;Madagascar;MDG
Eulemur macaco;2;2251.0;United Kingdom;GBR
Eulemur macaco;1;2251.0;Angola;AGO
Eulemur macaco;1;2251.0;Cameroon;CMR
Eulemur macaco;1;2251.0;Central African Republic;CAF
Eulemur macaco;1;2251.0;China;CHN
Eulemur macaco;1;2251.0;Congo;COG
Eulemur macaco;1;2251.0;Costa Rica;CRI
Eulemur macaco;1;2251.0;Equatorial Guinea;GNQ
Eulemur macaco;1;2251.0;Gabon;GAB
Eulemur macaco;1;2251.0;Mexico;MEX
Eulemur macaco;1;2251.0;Namibia;NAM
Eulemur macaco;1;2251.0;Philippines;PHL
Eulemur macaco;1;2251.0;Portugal;PRT
Eulemur macaco;1;2251.0;South Africa;ZAF
Eulemur macaco;1;2251.0;Tanzania, United Republic of;TZA
Falco peregrinus;2;3165.0;United Kingdom;GBR
Falco peregrinus;1;3165.0;Brazil;BRA
Falco peregrinus;1;3165.0;Chile;CHL
Falco peregrinus;1;3165.0;Pakistan;PAK
Falco peregrinus;1;3165.0;Qatar;QAT
Falco peregrinus;1;3165.0;Russian Federation;RUS
Falco peregrinus;1;3165.0;South Africa;ZAF
Falco punctatus;2;1625.0;Russian Federation;RUS
Falco punctatus;1;1625.0;Jersey;JEY
Falco punctatus;1;1625.0;Madagascar;MDG
Falco rusticolus;1;2266.0;Canada;CAN
Falco rusticolus;1;2266.0;Greenland;GRL
Falco rusticolus;1;2266.0;United Kingdom;GBR
Felis nigripes;1;1803.0;Botswana;BWA
Felis nigripes;1;1803.0;Costa Rica;CRI
Felis nigripes;1;1803.0;Germany;DEU
Felis nigripes;1;1803.0;India;IND
Felis nigripes;1;1803.0;Namibia;NAM
Felis nigripes;1;1803.0;South Africa;ZAF
Fregata andrewsi;1;796.0;United States;USA
Gallirallus sylvestris;1;1087.0;Australia;AUS
Gallirallus sylvestris;1;1087.0;New Zealand;NZL
Gallirallus sylvestris;1;1087.0;Norfolk Island;NFK
Gavialis gangeticus;1;4066.0;Nepal;NPL
Gazella leptoceros;1;1681.0;Jordan;JOR
Geochelone elegans;1;8721.0;China;CHN
Geochelone elegans;1;8721.0;India;IND
Geochelone elegans;1;8721.0;Madagascar;MDG
Geochelone elegans;1;8721.0;Malaysia;MYS
Geochelone elegans;1;8721.0;Sri Lanka;LKA
Geochelone elegans;1;8721.0;Thailand;THA
Geochelone elegans;1;8721.0;United States;USA
Geochelone platynota;1;2946.0;Mexico;MEX
Geoclemys hamiltonii;1;2638.0;Thailand;THA
Gopherus flavomarginatus;2;890.0;Mexico;MEX
Gopherus flavomarginatus;1;890.0;United States;USA
Gorilla beringei;13;18217.0;Congo, The Democratic Republic of the;COD
Gorilla beringei;7;18217.0;Uganda;UGA
Gorilla beringei;6;18217.0;Congo;COG
Gorilla beringei;6;18217.0;Rwanda;RWA
Gorilla beringei;2;18217.0;United Kingdom;GBR
Gorilla beringei;2;18217.0;United States;USA
Gorilla beringei;1;18217.0;Belgium;BEL
Gorilla beringei;1;18217.0;Cameroon;CMR
Gorilla beringei;1;18217.0;China;CHN
Gorilla beringei;1;18217.0;Guinea;GIN
Gorilla beringei;1;18217.0;Japan;JPN
Gorilla beringei;1;18217.0;Liberia;LBR
Gorilla beringei;1;18217.0;Mexico;MEX
Gorilla beringei;1;18217.0;Nigeria;NGA
Gorilla beringei;1;18217.0;Norway;NOR
Gorilla beringei;1;18217.0;Senegal;SEN
Gorilla beringei;1;18217.0;Sierra Leone;SLE
Gorilla beringei;1;18217.0;South Africa;ZAF
Gorilla beringei;1;18217.0;Switzerland;CHE
Gorilla beringei;1;18217.0;Tanzania, United Republic of;TZA
Gorilla gorilla;4;23470.0;Congo;COG
Gorilla gorilla;3;23470.0;Cameroon;CMR
Gorilla gorilla;3;23470.0;Central African Republic;CAF
Gorilla gorilla;2;23470.0;Angola;AGO
Gorilla gorilla;2;23470.0;Equatorial Guinea;GNQ
Gorilla gorilla;1;23470.0;Ecuador;ECU
Gorilla gorilla;1;23470.0;France;FRA
Gorilla gorilla;1;23470.0;Gabon;GAB
Gorilla gorilla;1;23470.0;United Kingdom;GBR
Grus leucogeranus;1;509.0;Iran, Islamic Republic of;IRN
Grus leucogeranus;1;509.0;South Africa;ZAF
Grus nigricollis;2;1317.0;China;CHN
Grus nigricollis;2;1317.0;India;IND
Grus nigricollis;1;1317.0;Kazakhstan;KAZ
Grus nigricollis;1;1317.0;Turkey;TUR
Grus vipio;1;4432.0;Falkland Islands (Malvinas);FLK
Grus vipio;1;4432.0;Finland;FIN
Grus vipio;1;4432.0;Japan;JPN
Grus vipio;1;4432.0;Korea, Republic of;KOR
Grus vipio;1;4432.0;Namibia;NAM
Grus vipio;1;4432.0;Thailand;THA
Grus vipio;1;4432.0;Ukraine;UKR
Grus vipio;1;4432.0;United States;USA
Guarouba guarouba;1;3188.0;Brazil;BRA
Guarouba guarouba;1;3188.0;Canada;CAN
Gymnogyps californianus;1;4537.0;Argentina;ARG
Gymnogyps californianus;1;4537.0;Chile;CHL
Haliaeetus albicilla;3;11120.0;United Kingdom;GBR
Haliaeetus albicilla;2;11120.0;France;FRA
Haliaeetus albicilla;2;11120.0;Ireland;IRL
Haliaeetus albicilla;2;11120.0;Netherlands;NLD
Haliaeetus albicilla;1;11120.0;Norway;NOR
Harpia harpyja;1;1035.0;Guyana;GUY
Helarctos malayanus;2;3577.0;China;CHN
Helarctos malayanus;2;3577.0;Indonesia;IDN
Helarctos malayanus;2;3577.0;Malaysia;MYS
Helarctos malayanus;1;3577.0;Cambodia;KHM
Helarctos malayanus;1;3577.0;Kuwait;KWT
Helarctos malayanus;1;3577.0;Viet Nam;VNM
Herpailurus yagouaroundi;6;13620.0;Mexico;MEX
Herpailurus yagouaroundi;4;13620.0;United States;USA
Herpailurus yagouaroundi;3;13620.0;Brazil;BRA
Herpailurus yagouaroundi;1;13620.0;Argentina;ARG
Herpailurus yagouaroundi;1;13620.0;Bolivia, Plurinational State of;BOL
Herpailurus yagouaroundi;1;13620.0;Paraguay;PRY
Herpailurus yagouaroundi;1;13620.0;Peru;PER
Hippotragus niger variani;2;1027.0;India;IND
Hippotragus niger variani;1;1027.0;Angola;AGO
Hippotragus niger variani;1;1027.0;Egypt;EGY
Hippotragus niger variani;1;1027.0;Kenya;KEN
Hippotragus niger variani;1;1027.0;Spain;ESP
Hippotragus niger variani;1;1027.0;United Kingdom;GBR
Hippotragus niger variani;1;1027.0;Yemen;YEM
Hylobates lar;1;1426.0;Australia;AUS
Hylobates lar;1;1426.0;China;CHN
Hylobates lar;1;1426.0;Hong Kong;HKG
Hylobates lar;1;1426.0;Indonesia;IDN
Hylobates lar;1;1426.0;United States;USA
Hylobates moloch;2;1925.0;Czechia;CZE
Hylobates moloch;1;1925.0;China;CHN
Hylobates moloch;1;1925.0;Germany;DEU
Hylobates moloch;1;1925.0;Greece;GRC
Hylobates moloch;1;1925.0;Hungary;HUN
Hylobates moloch;1;1925.0;India;IND
Hylobates moloch;1;1925.0;Indonesia;IDN
Hylobates moloch;1;1925.0;Kenya;KEN
Hylobates moloch;1;1925.0;Poland;POL
Hylobates moloch;1;1925.0;Switzerland;CHE
Hylobates moloch;1;1925.0;United States;USA
Hylobates muelleri;1;1475.0;Indonesia;IDN
Hylobates muelleri;1;1475.0;Malaysia;MYS
Hylobates muelleri;1;1475.0;Singapore;SGP
Hylobates muelleri;1;1475.0;Thailand;THA
Hylobates muelleri;1;1475.0;United Kingdom;GBR
Hyperoodon ampullatus;2;1536.0;Ireland;IRL
Hyperoodon ampullatus;1;1536.0;Iceland;ISL
Hyperoodon ampullatus;1;1536.0;United Kingdom;GBR
Incilius periglenes;1;8343.0;Australia;AUS
Incilius periglenes;1;8343.0;Canada;CAN
Incilius periglenes;1;8343.0;New Zealand;NZL
Incilius periglenes;1;8343.0;United States;USA
Lagorchestes hirsutus;2;1701.0;Australia;AUS
Lagorchestes hirsutus;1;1701.0;Hong Kong;HKG
Lagostrophus fasciatus;1;929.0;Australia;AUS
Lasiorhinus krefftii;6;3972.0;Australia;AUS
Lasiorhinus krefftii;1;3972.0;United States;USA
Latimeria chalumnae;2;1613.0;South Africa;ZAF
Latimeria chalumnae;1;1613.0;Australia;AUS
Latimeria chalumnae;1;1613.0;Indonesia;IDN
Lemur catta;1;847.0;Madagascar;MDG
Lemur catta;1;847.0;United Kingdom;GBR
Lemur catta;1;847.0;United States;USA
Leontopithecus rosalia;1;1102.0;Brazil;BRA
Leontopithecus rosalia;1;1102.0;Congo;COG
Leontopithecus rosalia;1;1102.0;Malaysia;MYS
Leontopithecus rosalia;1;1102.0;Peru;PER
Leontopithecus rosalia;1;1102.0;Singapore;SGP
Leontopithecus rosalia;1;1102.0;United Kingdom;GBR
Leontopithecus rosalia;1;1102.0;United States;USA
Leopardus jacobita;1;1359.0;Argentina;ARG
Leopardus jacobita;1;1359.0;Bolivia, Plurinational State of;BOL
Leopardus jacobita;1;1359.0;Chile;CHL
Leopardus jacobita;1;1359.0;Peru;PER
Leopardus pardalis;11;99703.0;United States;USA
Leopardus pardalis;5;99703.0;Mexico;MEX
Leopardus pardalis;1;99703.0;Argentina;ARG
Leopardus pardalis;1;99703.0;Bolivia, Plurinational State of;BOL
Leopardus pardalis;1;99703.0;Brazil;BRA
Leopardus pardalis;1;99703.0;Colombia;COL
Leopardus pardalis;1;99703.0;Costa Rica;CRI
Leopardus pardalis;1;99703.0;French Guiana;GUF
Leopardus pardalis;1;99703.0;Guatemala;GTM
Leopardus pardalis;1;99703.0;Honduras;HND
Leopardus pardalis;1;99703.0;Nicaragua;NIC
Leopardus pardalis;1;99703.0;Panama;PAN
Leopardus pardalis;1;99703.0;Paraguay;PRY
Leopardus pardalis;1;99703.0;Peru;PER
Leopardus pardalis;1;99703.0;Suriname;SUR
Leopardus pardalis;1;99703.0;Uruguay;URY
Leopardus pardalis;1;99703.0;Venezuela, Bolivarian Republic of;VEN
Leopardus tigrinus;2;7319.0;Brazil;BRA
Leopardus tigrinus;2;7319.0;Peru;PER
Leopardus tigrinus;1;7319.0;Bolivia, Plurinational State of;BOL
Leopardus tigrinus;1;7319.0;China;CHN
Leopardus tigrinus;1;7319.0;Congo;COG
Leopardus tigrinus;1;7319.0;Costa Rica;CRI
Leopardus tigrinus;1;7319.0;Ecuador;ECU
Leopardus tigrinus;1;7319.0;Honduras;HND
Leopardus tigrinus;1;7319.0;Kenya;KEN
Leopardus tigrinus;1;7319.0;Mozambique;MOZ
Leopardus tigrinus;1;7319.0;Paraguay;PRY
Leopardus tigrinus;1;7319.0;Tanzania, United Republic of;TZA
Leopardus wiedii;2;1392.0;United States;USA
Lepidochelys kempii;1;3369.0;Mexico;MEX
Lepidochelys kempii;1;3369.0;United States;USA
Lepidochelys olivacea;4;3557.0;India;IND
Lepidochelys olivacea;1;3557.0;Costa Rica;CRI
Lepidochelys olivacea;1;3557.0;Mexico;MEX
Lepidochelys olivacea;1;3557.0;Nicaragua;NIC
Lepilemur ankaranensis;1;599.0;China;CHN
Lepilemur ankaranensis;1;599.0;Hong Kong;HKG
Lepilemur ankaranensis;1;599.0;Madagascar;MDG
Lepilemur ankaranensis;1;599.0;Singapore;SGP
Lepilemur septentrionalis;3;3539.0;Madagascar;MDG
Lepilemur septentrionalis;2;3539.0;United States;USA
Lepilemur septentrionalis;1;3539.0;Australia;AUS
Lepilemur septentrionalis;1;3539.0;Botswana;BWA
Lepilemur septentrionalis;1;3539.0;Brunei Darussalam;BRN
Lepilemur septentrionalis;1;3539.0;Chile;CHL
Lepilemur septentrionalis;1;3539.0;China;CHN
Lepilemur septentrionalis;1;3539.0;Colombia;COL
Lepilemur septentrionalis;1;3539.0;Congo;COG
Lepilemur septentrionalis;1;3539.0;Congo, The Democratic Republic of the;COD
Lepilemur septentrionalis;1;3539.0;Costa Rica;CRI
Lepilemur septentrionalis;1;3539.0;Egypt;EGY
Lepilemur septentrionalis;1;3539.0;Ethiopia;ETH
Lepilemur septentrionalis;1;3539.0;India;IND
Lepilemur septentrionalis;1;3539.0;Indonesia;IDN
Lepilemur septentrionalis;1;3539.0;Iran, Islamic Republic of;IRN
Lepilemur septentrionalis;1;3539.0;Jersey;JEY
Lepilemur septentrionalis;1;3539.0;Malaysia;MYS
Lepilemur septentrionalis;1;3539.0;Mozambique;MOZ
Lepilemur septentrionalis;1;3539.0;Namibia;NAM
Lepilemur septentrionalis;1;3539.0;New Caledonia;NCL
Lepilemur septentrionalis;1;3539.0;Nicaragua;NIC
Lepilemur septentrionalis;1;3539.0;Papua New Guinea;PNG
Lepilemur septentrionalis;1;3539.0;Peru;PER
Lepilemur septentrionalis;1;3539.0;United Kingdom;GBR
Lepilemur septentrionalis;1;3539.0;Venezuela, Bolivarian Republic of;VEN
Lepilemur septentrionalis;1;3539.0;Viet Nam;VNM
Lepilemur septentrionalis;1;3539.0;Zambia;ZMB
Leucopsar rothschildi;1;1313.0;Brazil;BRA
Leucopsar rothschildi;1;1313.0;Indonesia;IDN
Leucopsar rothschildi;1;1313.0;Malaysia;MYS
Leucopsar rothschildi;1;1313.0;Singapore;SGP
Leucopsar rothschildi;1;1313.0;Thailand;THA
Lipotes vexillifer;4;2427.0;China;CHN
Lipotes vexillifer;2;2427.0;United Kingdom;GBR
Lipotes vexillifer;1;2427.0;Australia;AUS
Lipotes vexillifer;1;2427.0;Bahamas;BHS
Lipotes vexillifer;1;2427.0;Canada;CAN
Lipotes vexillifer;1;2427.0;Iceland;ISL
Lipotes vexillifer;1;2427.0;Ireland;IRL
Lipotes vexillifer;1;2427.0;Japan;JPN
Lipotes vexillifer;1;2427.0;Mexico;MEX
Lipotes vexillifer;1;2427.0;Norway;NOR
Lipotes vexillifer;1;2427.0;United States;USA
Lipotes vexillifer;1;2427.0;Viet Nam;VNM
Lophura edwardsi;1;2183.0;Australia;AUS
Lophura edwardsi;1;2183.0;Bolivia, Plurinational State of;BOL
Lophura edwardsi;1;2183.0;Czechia;CZE
Lophura edwardsi;1;2183.0;Indonesia;IDN
Lophura edwardsi;1;2183.0;Madagascar;MDG
Lophura edwardsi;1;2183.0;Singapore;SGP
Lophura edwardsi;1;2183.0;Sudan;SDN
Lophura edwardsi;1;2183.0;United Kingdom;GBR
Lophura edwardsi;1;2183.0;Viet Nam;VNM
Loxodonta africana;4;9441.0;China;CHN
Loxodonta africana;4;9441.0;United States;USA
Loxodonta africana;3;9441.0;Botswana;BWA
Loxodonta africana;3;9441.0;Kenya;KEN
Loxodonta africana;3;9441.0;South Africa;ZAF
Loxodonta africana;2;9441.0;Canada;CAN
Loxodonta africana;2;9441.0;Georgia;GEO
Loxodonta africana;2;9441.0;Germany;DEU
Loxodonta africana;2;9441.0;United Kingdom;GBR
Loxodonta africana;2;9441.0;Zimbabwe;ZWE
Loxodonta africana;1;9441.0;Brazil;BRA
Loxodonta africana;1;9441.0;Bulgaria;BGR
Loxodonta africana;1;9441.0;Cuba;CUB
Loxodonta africana;1;9441.0;India;IND
Loxodonta africana;1;9441.0;Jersey;JEY
Loxodonta africana;1;9441.0;Mozambique;MOZ
Loxodonta africana;1;9441.0;Namibia;NAM
Loxodonta africana;1;9441.0;Nepal;NPL
Loxodonta africana;1;9441.0;Puerto Rico;PRI
Loxodonta africana;1;9441.0;Russian Federation;RUS
Loxodonta africana;1;9441.0;Switzerland;CHE
Loxodonta africana;1;9441.0;Thailand;THA
Lutra lutra;2;2236.0;United Kingdom;GBR
Lutra lutra;1;2236.0;China;CHN
Lutra lutra;1;2236.0;Hong Kong;HKG
Lutra lutra;1;2236.0;Ireland;IRL
Lutra lutra;1;2236.0;Malaysia;MYS
Lutra lutra;1;2236.0;Singapore;SGP
Lutrogale perspicillata;1;2101.0;Singapore;SGP
Lygodactylus williamsi;1;538.0;Madagascar;MDG
Lynx pardinus;4;5512.0;Portugal;PRT
Lynx pardinus;4;5512.0;Spain;ESP
Lynx pardinus;2;5512.0;Australia;AUS
Lynx pardinus;2;5512.0;China;CHN
Lynx pardinus;2;5512.0;France;FRA
Lynx pardinus;2;5512.0;Mexico;MEX
Lynx pardinus;1;5512.0;Canada;CAN
Lynx pardinus;1;5512.0;United States;USA
Macaca silenus;1;1792.0;India;IND
Macaca sylvanus;2;3232.0;Gibraltar;GIB
Macaca sylvanus;1;3232.0;Algeria;DZA
Macaca sylvanus;1;3232.0;China;CHN
Macaca sylvanus;1;3232.0;Georgia;GEO
Macaca sylvanus;1;3232.0;Hong Kong;HKG
Macaca sylvanus;1;3232.0;Indonesia;IDN
Macaca sylvanus;1;3232.0;Lao People's Democratic Republic;LAO
Macaca sylvanus;1;3232.0;Morocco;MAR
Macaca sylvanus;1;3232.0;Philippines;PHL
Macaca sylvanus;1;3232.0;Russian Federation;RUS
Macaca sylvanus;1;3232.0;South Africa;ZAF
Macaca sylvanus;1;3232.0;Viet Nam;VNM
Macrotis lagotis;3;3080.0;Australia;AUS
Macrotis lagotis;1;3080.0;Brazil;BRA
Malacochersus tornieri;1;3079.0;Cameroon;CMR
Malacochersus tornieri;1;3079.0;Canada;CAN
Malacochersus tornieri;1;3079.0;Guinea;GIN
Malacochersus tornieri;1;3079.0;Japan;JPN
Malacochersus tornieri;1;3079.0;Mauritania;MRT
Malacochersus tornieri;1;3079.0;Mexico;MEX
Malacochersus tornieri;1;3079.0;United States;USA
Manis crassicaudata;8;17159.0;China;CHN
Manis crassicaudata;4;17159.0;Viet Nam;VNM
Manis crassicaudata;3;17159.0;India;IND
Manis crassicaudata;3;17159.0;Myanmar;MMR
Manis crassicaudata;3;17159.0;United States;USA
Manis crassicaudata;2;17159.0;Malaysia;MYS
Manis crassicaudata;2;17159.0;Nigeria;NGA
Manis crassicaudata;2;17159.0;Sri Lanka;LKA
Manis crassicaudata;2;17159.0;Zimbabwe;ZWE
Manis crassicaudata;1;17159.0;Angola;AGO
Manis crassicaudata;1;17159.0;Bangladesh;BGD
Manis crassicaudata;1;17159.0;Bhutan;BTN
Manis crassicaudata;1;17159.0;Botswana;BWA
Manis crassicaudata;1;17159.0;Cambodia;KHM
Manis crassicaudata;1;17159.0;Cameroon;CMR
Manis crassicaudata;1;17159.0;Congo;COG
Manis crassicaudata;1;17159.0;Ghana;GHA
Manis crassicaudata;1;17159.0;Hong Kong;HKG
Manis crassicaudata;1;17159.0;Indonesia;IDN
Manis crassicaudata;1;17159.0;Korea, Republic of;KOR
Manis crassicaudata;1;17159.0;Lao People's Democratic Republic;LAO
Manis crassicaudata;1;17159.0;Mozambique;MOZ
Manis crassicaudata;1;17159.0;Namibia;NAM
Manis crassicaudata;1;17159.0;Nepal;NPL
Manis crassicaudata;1;17159.0;Pakistan;PAK
Manis crassicaudata;1;17159.0;Singapore;SGP
Manis crassicaudata;1;17159.0;South Africa;ZAF
Manis crassicaudata;1;17159.0;Switzerland;CHE
Manis crassicaudata;1;17159.0;Thailand;THA
Manis crassicaudata;1;17159.0;Uganda;UGA
Manis crassicaudata;1;17159.0;United Kingdom;GBR
Manis crassicaudata;1;17159.0;Zambia;ZMB
Manis culionensis;1;2223.0;Bangladesh;BGD
Manis culionensis;1;2223.0;Cambodia;KHM
Manis culionensis;1;2223.0;China;CHN
Manis culionensis;1;2223.0;Colombia;COL
Manis culionensis;1;2223.0;India;IND
Manis culionensis;1;2223.0;Indonesia;IDN
Manis culionensis;1;2223.0;Lao People's Democratic Republic;LAO
Manis culionensis;1;2223.0;Malaysia;MYS
Manis culionensis;1;2223.0;Myanmar;MMR
Manis culionensis;1;2223.0;Nepal;NPL
Manis culionensis;1;2223.0;Philippines;PHL
Manis culionensis;1;2223.0;Sri Lanka;LKA
Manis culionensis;1;2223.0;Thailand;THA
Manis culionensis;1;2223.0;Viet Nam;VNM
Manis gigantea;7;7820.0;China;CHN
Manis gigantea;6;7820.0;Nigeria;NGA
Manis gigantea;6;7820.0;Viet Nam;VNM
Manis gigantea;4;7820.0;Singapore;SGP
Manis gigantea;4;7820.0;South Africa;ZAF
Manis gigantea;3;7820.0;Gabon;GAB
Manis gigantea;3;7820.0;Uganda;UGA
Manis gigantea;3;7820.0;Zimbabwe;ZWE
Manis gigantea;2;7820.0;Cameroon;CMR
Manis gigantea;2;7820.0;Ghana;GHA
Manis gigantea;2;7820.0;Hong Kong;HKG
Manis gigantea;2;7820.0;Malaysia;MYS
Manis gigantea;2;7820.0;Tanzania, United Republic of;TZA
Manis gigantea;2;7820.0;United Kingdom;GBR
Manis gigantea;1;7820.0;Central African Republic;CAF
Manis gigantea;1;7820.0;Congo;COG
Manis gigantea;1;7820.0;Congo, The Democratic Republic of the;COD
Manis gigantea;1;7820.0;Kenya;KEN
Manis gigantea;1;7820.0;Philippines;PHL
Manis gigantea;1;7820.0;Thailand;THA
Manis gigantea;1;7820.0;Venezuela, Bolivarian Republic of;VEN
Manis javanica;4;7866.0;China;CHN
Manis javanica;1;7866.0;United Kingdom;GBR
Manis javanica;1;7866.0;United States;USA
Manis javanica;1;7866.0;Viet Nam;VNM
Manis pentadactyla;2;1870.0;China;CHN
Manis pentadactyla;2;1870.0;United States;USA
Manis pentadactyla;2;1870.0;Viet Nam;VNM
Manis pentadactyla;1;1870.0;Indonesia;IDN
Manis pentadactyla;1;1870.0;Taiwan, Province of China;TWN
Manis pentadactyla;1;1870.0;Zimbabwe;ZWE
Manis temminckii;9;8225.0;China;CHN
Manis temminckii;4;8225.0;United States;USA
Manis temminckii;3;8225.0;Australia;AUS
Manis temminckii;3;8225.0;Viet Nam;VNM
Manis temminckii;2;8225.0;Hong Kong;HKG
Manis temminckii;2;8225.0;Kenya;KEN
Manis temminckii;2;8225.0;United Kingdom;GBR
Manis temminckii;1;8225.0;Cameroon;CMR
Manis temminckii;1;8225.0;Canada;CAN
Manis temminckii;1;8225.0;Equatorial Guinea;GNQ
Manis temminckii;1;8225.0;Ethiopia;ETH
Manis temminckii;1;8225.0;Gabon;GAB
Manis temminckii;1;8225.0;Germany;DEU
Manis temminckii;1;8225.0;Guinea;GIN
Manis temminckii;1;8225.0;India;IND
Manis temminckii;1;8225.0;Japan;JPN
Manis temminckii;1;8225.0;Liberia;LBR
Manis temminckii;1;8225.0;Malaysia;MYS
Manis temminckii;1;8225.0;Mozambique;MOZ
Manis temminckii;1;8225.0;Nigeria;NGA
Manis temminckii;1;8225.0;Singapore;SGP
Manis temminckii;1;8225.0;South Africa;ZAF
Manis temminckii;1;8225.0;Uganda;UGA
Manis temminckii;1;8225.0;Zimbabwe;ZWE
Manis tetradactyla;2;3212.0;China;CHN
Manis tetradactyla;2;3212.0;Nigeria;NGA
Manis tetradactyla;2;3212.0;Philippines;PHL
Manis tetradactyla;1;3212.0;Canada;CAN
Manis tetradactyla;1;3212.0;France;FRA
Manis tetradactyla;1;3212.0;Singapore;SGP
Manis tetradactyla;1;3212.0;Thailand;THA
Manis tetradactyla;1;3212.0;United States;USA
Manis tetradactyla;1;3212.0;Viet Nam;VNM
Manis tricuspis;6;63915.0;China;CHN
Manis tricuspis;3;63915.0;Viet Nam;VNM
Manis tricuspis;2;63915.0;Hong Kong;HKG
Manis tricuspis;2;63915.0;Malaysia;MYS
Manis tricuspis;2;63915.0;Mexico;MEX
Manis tricuspis;2;63915.0;United Kingdom;GBR
Manis tricuspis;1;63915.0;Algeria;DZA
Manis tricuspis;1;63915.0;Australia;AUS
Manis tricuspis;1;63915.0;Cambodia;KHM
Manis tricuspis;1;63915.0;Canada;CAN
Manis tricuspis;1;63915.0;Colombia;COL
Manis tricuspis;1;63915.0;Congo;COG
Manis tricuspis;1;63915.0;Congo, The Democratic Republic of the;COD
Manis tricuspis;1;63915.0;Gibraltar;GIB
Manis tricuspis;1;63915.0;Guatemala;GTM
Manis tricuspis;1;63915.0;India;IND
Manis tricuspis;1;63915.0;Indonesia;IDN
Manis tricuspis;1;63915.0;Kazakhstan;KAZ
Manis tricuspis;1;63915.0;Madagascar;MDG
Manis tricuspis;1;63915.0;Morocco;MAR
Manis tricuspis;1;63915.0;Myanmar;MMR
Manis tricuspis;1;63915.0;Nepal;NPL
Manis tricuspis;1;63915.0;Nigeria;NGA
Manis tricuspis;1;63915.0;Singapore;SGP
Manis tricuspis;1;63915.0;South Africa;ZAF
Manis tricuspis;1;63915.0;Spain;ESP
Manis tricuspis;1;63915.0;United States;USA
Megaptera novaeangliae;2;11453.0;Mexico;MEX
Megaptera novaeangliae;1;11453.0;Australia;AUS
Melanosuchus niger;2;1286.0;United States;USA
Melanosuchus niger;1;1286.0;Ecuador;ECU
Melursus ursinus;1;3838.0;India;IND
Microcebus berthae;3;1611.0;Madagascar;MDG
Microcebus berthae;1;1611.0;Cayman Islands;CYM
Microcebus berthae;1;1611.0;China;CHN
Microcebus berthae;1;1611.0;Indonesia;IDN
Microcebus berthae;1;1611.0;Israel;ISR
Microcebus berthae;1;1611.0;United Kingdom;GBR
Microcebus berthae;1;1611.0;United States;USA
Microcebus berthae;1;1611.0;Viet Nam;VNM
Mitu mitu;2;2697.0;Brazil;BRA
Mitu mitu;1;2697.0;Mauritius;MUS
Mitu mitu;1;2697.0;Peru;PER
Mitu mitu;1;2697.0;United States;USA
Monachus monachus;1;2553.0;Greece;GRC
Monachus tropicalis;1;2816.0;South Africa;ZAF
Mustela nigripes;1;2789.0;United States;USA
Mycteria cinerea;1;3480.0;India;IND
Mycteria cinerea;1;3480.0;Malaysia;MYS
Nanger dama;1;2372.0;Belgium;BEL
Nanger dama;1;2372.0;China;CHN
Nanger dama;1;2372.0;France;FRA
Nanger dama;1;2372.0;Gabon;GAB
Nanger dama;1;2372.0;Libya;LBY
Nanger dama;1;2372.0;Niger;NER
Nanger dama;1;2372.0;United States;USA
Nasalis larvatus;1;3718.0;Australia;AUS
Nasalis larvatus;1;3718.0;Indonesia;IDN
Nasalis larvatus;1;3718.0;New Zealand;NZL
Nectophrynoides asperginis;5;2408.0;United Kingdom;GBR
Nectophrynoides asperginis;1;2408.0;Belize;BLZ
Nectophrynoides asperginis;1;2408.0;Brazil;BRA
Nectophrynoides asperginis;1;2408.0;Canada;CAN
Nectophrynoides asperginis;1;2408.0;China;CHN
Nectophrynoides asperginis;1;2408.0;Germany;DEU
Nectophrynoides asperginis;1;2408.0;India;IND
Nectophrynoides asperginis;1;2408.0;Indonesia;IDN
Nectophrynoides asperginis;1;2408.0;Ireland;IRL
Nectophrynoides asperginis;1;2408.0;Japan;JPN
Nectophrynoides asperginis;1;2408.0;Malaysia;MYS
Nectophrynoides asperginis;1;2408.0;Maldives;MDV
Nectophrynoides asperginis;1;2408.0;Mozambique;MOZ
Nectophrynoides asperginis;1;2408.0;Netherlands;NLD
Nectophrynoides asperginis;1;2408.0;New Zealand;NZL
Nectophrynoides asperginis;1;2408.0;Philippines;PHL
Nectophrynoides asperginis;1;2408.0;Spain;ESP
Nectophrynoides asperginis;1;2408.0;Tanzania, United Republic of;TZA
Neofelis diardi;3;7512.0;Indonesia;IDN
Neofelis diardi;3;7512.0;Thailand;THA
Neofelis diardi;2;7512.0;China;CHN
Neofelis diardi;2;7512.0;Malaysia;MYS
Neofelis diardi;2;7512.0;Nepal;NPL
Neofelis diardi;2;7512.0;Taiwan, Province of China;TWN
Neofelis diardi;2;7512.0;United States;USA
Neofelis diardi;1;7512.0;India;IND
Neofelis diardi;1;7512.0;Myanmar;MMR
Neofelis diardi;1;7512.0;New Zealand;NZL
Neophema chrysogaster;4;9934.0;Australia;AUS
Neophema chrysogaster;2;9934.0;New Zealand;NZL
Neophema chrysogaster;2;9934.0;United Kingdom;GBR
Neophema chrysogaster;1;9934.0;Guinea;GIN
Neophema chrysogaster;1;9934.0;United States;USA
Neophocaena asiaeorientalis;2;12928.0;China;CHN
Neophocaena asiaeorientalis;2;12928.0;Congo, The Democratic Republic of the;COD
Neophocaena asiaeorientalis;2;12928.0;Malaysia;MYS
Neophocaena asiaeorientalis;2;12928.0;Mexico;MEX
Neophocaena asiaeorientalis;2;12928.0;Russian Federation;RUS
Neophocaena asiaeorientalis;1;12928.0;Botswana;BWA
Neophocaena asiaeorientalis;1;12928.0;Brazil;BRA
Neophocaena asiaeorientalis;1;12928.0;Hong Kong;HKG
Neophocaena asiaeorientalis;1;12928.0;Kenya;KEN
Neophocaena asiaeorientalis;1;12928.0;Kyrgyzstan;KGZ
Nilssonia nigricans;2;22016.0;India;IND
Nilssonia nigricans;1;22016.0;China;CHN
Nilssonia nigricans;1;22016.0;Mongolia;MNG
Nipponia nippon;1;776.0;Japan;JPN
Nomascus hainanus;1;1300.0;China;CHN
Nomascus hainanus;1;1300.0;Hong Kong;HKG
Nomascus hainanus;1;1300.0;New Zealand;NZL
Nomascus hainanus;1;1300.0;Thailand;THA
Nomascus hainanus;1;1300.0;United Kingdom;GBR
Numenius borealis;1;1060.0;Canada;CAN
Numenius borealis;1;1060.0;Turkey;TUR
Numenius borealis;1;1060.0;United States;USA
Numenius tenuirostris;2;512.0;United Kingdom;GBR
Numenius tenuirostris;1;512.0;France;FRA
Numenius tenuirostris;1;512.0;Malta;MLT
Nycticebus bengalensis;1;1262.0;China;CHN
Nycticebus bengalensis;1;1262.0;India;IND
Nycticebus bengalensis;1;1262.0;Myanmar;MMR
Nycticebus bengalensis;1;1262.0;Viet Nam;VNM
Nycticebus pygmaeus;1;767.0;Cameroon;CMR
Nycticebus pygmaeus;1;767.0;Madagascar;MDG
Nycticebus pygmaeus;1;767.0;New Zealand;NZL
Nycticebus pygmaeus;1;767.0;United States;USA
Ognorhynchus icterotis;1;1348.0;Colombia;COL
Ognorhynchus icterotis;1;1348.0;Cuba;CUB
Ognorhynchus icterotis;1;1348.0;Madagascar;MDG
Onychogalea fraenata;1;2919.0;Australia;AUS
Orcaella brevirostris;3;6027.0;Cambodia;KHM
Orcaella brevirostris;3;6027.0;Lao People's Democratic Republic;LAO
Orcaella brevirostris;1;6027.0;Australia;AUS
Orcaella brevirostris;1;6027.0;Hong Kong;HKG
Orcaella brevirostris;1;6027.0;Indonesia;IDN
Orcaella brevirostris;1;6027.0;Myanmar;MMR
Orcaella brevirostris;1;6027.0;United Kingdom;GBR
Oryx dammah;2;3675.0;Chad;TCD
Oryx dammah;1;3675.0;Algeria;DZA
Oryx dammah;1;3675.0;Congo;COG
Oryx dammah;1;3675.0;Egypt;EGY
Oryx dammah;1;3675.0;Gambia;GMB
Oryx dammah;1;3675.0;Guinea;GIN
Oryx dammah;1;3675.0;Kenya;KEN
Oryx dammah;1;3675.0;Libya;LBY
Oryx dammah;1;3675.0;Mali;MLI
Oryx dammah;1;3675.0;Mauritania;MRT
Oryx dammah;1;3675.0;Morocco;MAR
Oryx dammah;1;3675.0;Namibia;NAM
Oryx dammah;1;3675.0;Niger;NER
Oryx dammah;1;3675.0;Nigeria;NGA
Oryx dammah;1;3675.0;Senegal;SEN
Oryx dammah;1;3675.0;South Africa;ZAF
Oryx dammah;1;3675.0;Sudan;SDN
Oryx dammah;1;3675.0;Tunisia;TUN
Oryx dammah;1;3675.0;Uganda;UGA
Oryx dammah;1;3675.0;United Kingdom;GBR
Oryx dammah;1;3675.0;United States;USA
Osteolaemus tetraspis;1;914.0;Gabon;GAB
Ovis hodgsoni;1;1707.0;China;CHN
Ovis hodgsoni;1;1707.0;Indonesia;IDN
Ovis hodgsoni;1;1707.0;Liberia;LBR
Ovis hodgsoni;1;1707.0;Malaysia;MYS
Ovis hodgsoni;1;1707.0;Myanmar;MMR
Ovis hodgsoni;1;1707.0;Singapore;SGP
Ovis vignei;1;1224.0;Pakistan;PAK
Pan paniscus;3;2848.0;Congo, The Democratic Republic of the;COD
Pan paniscus;2;2848.0;Congo;COG
Pan paniscus;1;2848.0;Switzerland;CHE
Pan paniscus;1;2848.0;United States;USA
Pan troglodytes;2;4098.0;Guinea;GIN
Pan troglodytes;2;4098.0;United Kingdom;GBR
Pan troglodytes;2;4098.0;United States;USA
Pan troglodytes;1;4098.0;Benin;BEN
Pan troglodytes;1;4098.0;China;CHN
Pan troglodytes;1;4098.0;Congo;COG
Pan troglodytes;1;4098.0;Gabon;GAB
Pan troglodytes;1;4098.0;Ghana;GHA
Pan troglodytes;1;4098.0;Indonesia;IDN
Pan troglodytes;1;4098.0;Kenya;KEN
Pan troglodytes;1;4098.0;Liberia;LBR
Pan troglodytes;1;4098.0;New Zealand;NZL
Pan troglodytes;1;4098.0;Spain;ESP
Pan troglodytes;1;4098.0;Thailand;THA
Pangasianodon gigas;4;2646.0;China;CHN
Pangasianodon gigas;3;2646.0;Cambodia;KHM
Pangasianodon gigas;3;2646.0;Lao People's Democratic Republic;LAO
Pangasianodon gigas;3;2646.0;Thailand;THA
Pangasianodon gigas;3;2646.0;Viet Nam;VNM
Pangasianodon gigas;2;2646.0;Brazil;BRA
Pangasianodon gigas;1;2646.0;Australia;AUS
Pangasianodon gigas;1;2646.0;Switzerland;CHE
Pangasianodon gigas;1;2646.0;United States;USA
Panthera leo;4;28157.0;United States;USA
Panthera leo;2;28157.0;Tanzania, United Republic of;TZA
Panthera leo;1;28157.0;Mozambique;MOZ
Panthera leo;1;28157.0;Namibia;NAM
Panthera leo;1;28157.0;South Africa;ZAF
Panthera leo;1;28157.0;Zambia;ZMB
Panthera leo;1;28157.0;Zimbabwe;ZWE
Panthera pardus;1;4829.0;Algeria;DZA
Panthera tigris;1;9532.0;Australia;AUS
Panthera tigris;1;9532.0;Russian Federation;RUS
Panthera tigris;1;9532.0;United States;USA
Panthera uncia;1;49162.0;China;CHN
Panthera uncia;1;49162.0;France;FRA
Panthera uncia;1;49162.0;Hong Kong;HKG
Panthera uncia;1;49162.0;India;IND
Panthera uncia;1;49162.0;Nepal;NPL
Panthera uncia;1;49162.0;United States;USA
Pantholops hodgsonii;1;1240.0;India;IND
Pantholops hodgsonii;1;1240.0;Nepal;NPL
Pantholops hodgsonii;1;1240.0;Pakistan;PAK
Papasula abbotti;2;1294.0;New Zealand;NZL
Papasula abbotti;1;1294.0;Australia;AUS
Papasula abbotti;1;1294.0;China;CHN
Papasula abbotti;1;1294.0;Fiji;FJI
Papasula abbotti;1;1294.0;Iceland;ISL
Papasula abbotti;1;1294.0;Indonesia;IDN
Papasula abbotti;1;1294.0;Korea, Republic of;KOR
Papasula abbotti;1;1294.0;Namibia;NAM
Papasula abbotti;1;1294.0;Peru;PER
Papasula abbotti;1;1294.0;South Africa;ZAF
Papasula abbotti;1;1294.0;Taiwan, Province of China;TWN
Paphiopedilum insigne;1;496.0;Bangladesh;BGD
Paphiopedilum insigne;1;496.0;China;CHN
Paphiopedilum insigne;1;496.0;India;IND
Paphiopedilum insigne;1;496.0;Madagascar;MDG
Paphiopedilum insigne;1;496.0;United States;USA
Paphiopedilum insigne;1;496.0;Viet Nam;VNM
Pardofelis marmorata;4;8183.0;India;IND
Pardofelis marmorata;2;8183.0;Australia;AUS
Pardofelis marmorata;2;8183.0;Bangladesh;BGD
Pardofelis marmorata;2;8183.0;Germany;DEU
Pardofelis marmorata;2;8183.0;Malaysia;MYS
Pardofelis marmorata;2;8183.0;Spain;ESP
Pardofelis marmorata;2;8183.0;United Kingdom;GBR
Pardofelis marmorata;1;8183.0;Andorra;AND
Pardofelis marmorata;1;8183.0;Canada;CAN
Pardofelis marmorata;1;8183.0;China;CHN
Pardofelis marmorata;1;8183.0;France;FRA
Pardofelis marmorata;1;8183.0;Japan;JPN
Pardofelis marmorata;1;8183.0;Mexico;MEX
Pardofelis marmorata;1;8183.0;Myanmar;MMR
Pardofelis marmorata;1;8183.0;Netherlands;NLD
Pardofelis marmorata;1;8183.0;Portugal;PRT
Pardofelis marmorata;1;8183.0;Qatar;QAT
Pardofelis marmorata;1;8183.0;Singapore;SGP
Pardofelis marmorata;1;8183.0;Sri Lanka;LKA
Pardofelis marmorata;1;8183.0;Thailand;THA
Pardofelis marmorata;1;8183.0;United States;USA
Pelecanus crispus;3;28325.0;United Kingdom;GBR
Pelecanus crispus;2;28325.0;Greece;GRC
Pelecanus crispus;1;28325.0;Antarctica;ATA
Pelecanus crispus;1;28325.0;Canada;CAN
Pelecanus crispus;1;28325.0;Estonia;EST
Pelecanus crispus;1;28325.0;Finland;FIN
Pelecanus crispus;1;28325.0;France;FRA
Pelecanus crispus;1;28325.0;Germany;DEU
Pelecanus crispus;1;28325.0;Ireland;IRL
Pelecanus crispus;1;28325.0;Italy;ITA
Pelecanus crispus;1;28325.0;Mexico;MEX
Penelope albipennis;2;1054.0;Peru;PER
Perameles bougainville;10;17524.0;Australia;AUS
Perameles bougainville;1;17524.0;Italy;ITA
Perameles bougainville;1;17524.0;New Zealand;NZL
Perameles bougainville;1;17524.0;United Kingdom;GBR
Perameles bougainville;1;17524.0;United States;USA
Pezoporus occidentalis;5;4431.0;Australia;AUS
Pezoporus occidentalis;1;4431.0;China;CHN
Pezoporus occidentalis;1;4431.0;New Zealand;NZL
Pezoporus wallicus;7;7692.0;Australia;AUS
Pezoporus wallicus;1;7692.0;Brazil;BRA
Pezoporus wallicus;1;7692.0;Cyprus;CYP
Pezoporus wallicus;1;7692.0;Denmark;DNK
Pezoporus wallicus;1;7692.0;Dominica;DMA
Pezoporus wallicus;1;7692.0;Germany;DEU
Pezoporus wallicus;1;7692.0;Guatemala;GTM
Pezoporus wallicus;1;7692.0;Netherlands;NLD
Pezoporus wallicus;1;7692.0;Spain;ESP
Phaner furcifer;1;2278.0;Madagascar;MDG
Phocoena sinus;9;12194.0;Mexico;MEX
Phocoena sinus;6;12194.0;China;CHN
Phocoena sinus;4;12194.0;United States;USA
Phocoena sinus;3;12194.0;Hong Kong;HKG
Phocoena sinus;1;12194.0;Costa Rica;CRI
Phocoena sinus;1;12194.0;India;IND
Phoebastria albatrus;1;9238.0;Canada;CAN
Phoebastria albatrus;1;9238.0;Japan;JPN
Phoebastria albatrus;1;9238.0;New Zealand;NZL
Physeter macrocephalus;1;264184.0;China;CHN
Physeter macrocephalus;1;264184.0;Indonesia;IDN
Physeter macrocephalus;1;264184.0;Mexico;MEX
Physeter macrocephalus;1;264184.0;Spain;ESP
Piliocolobus kirkii;2;17153.0;Tanzania, United Republic of;TZA
Piliocolobus kirkii;1;17153.0;Australia;AUS
Piliocolobus kirkii;1;17153.0;Brazil;BRA
Piliocolobus kirkii;1;17153.0;Cameroon;CMR
Piliocolobus kirkii;1;17153.0;China;CHN
Piliocolobus kirkii;1;17153.0;Congo;COG
Piliocolobus kirkii;1;17153.0;Honduras;HND
Piliocolobus kirkii;1;17153.0;Indonesia;IDN
Piliocolobus kirkii;1;17153.0;Lao People's Democratic Republic;LAO
Piliocolobus kirkii;1;17153.0;Malaysia;MYS
Piliocolobus kirkii;1;17153.0;New Caledonia;NCL
Piliocolobus kirkii;1;17153.0;Nigeria;NGA
Piliocolobus kirkii;1;17153.0;Norway;NOR
Piliocolobus kirkii;1;17153.0;Portugal;PRT
Piliocolobus kirkii;1;17153.0;Uganda;UGA
Piliocolobus kirkii;1;17153.0;United States;USA
Piliocolobus rufomitratus;1;510.0;France;FRA
Piliocolobus rufomitratus;1;510.0;Guam;GUM
Piliocolobus rufomitratus;1;510.0;Kenya;KEN
Piliocolobus rufomitratus;1;510.0;Mauritius;MUS
Piliocolobus rufomitratus;1;510.0;Portugal;PRT
Piliocolobus rufomitratus;1;510.0;Spain;ESP
Pionopsitta pileata;1;3596.0;Australia;AUS
Pionopsitta pileata;1;3596.0;United States;USA
Pithecophaga jefferyi;4;8654.0;Philippines;PHL
Pithecophaga jefferyi;2;8654.0;Indonesia;IDN
Pithecophaga jefferyi;2;8654.0;Singapore;SGP
Pithecophaga jefferyi;1;8654.0;Germany;DEU
Pithecophaga jefferyi;1;8654.0;Hong Kong;HKG
Pithecophaga jefferyi;1;8654.0;Malaysia;MYS
Pithecophaga jefferyi;1;8654.0;Thailand;THA
Pithecophaga jefferyi;1;8654.0;United States;USA
Pitta gurneyi;1;770.0;Myanmar;MMR
Pitta gurneyi;1;770.0;Thailand;THA
Platanista gangetica;3;4256.0;India;IND
Platanista gangetica;2;4256.0;Bangladesh;BGD
Platanista gangetica;2;4256.0;China;CHN
Platanista gangetica;2;4256.0;Nepal;NPL
Platanista gangetica;2;4256.0;Pakistan;PAK
Platanista gangetica;1;4256.0;Maldives;MDV
Platanista gangetica;1;4256.0;Tanzania, United Republic of;TZA
Platysternon megacephalum;1;1916.0;Australia;AUS
Platysternon megacephalum;1;1916.0;Bolivia, Plurinational State of;BOL
Platysternon megacephalum;1;1916.0;Brazil;BRA
Platysternon megacephalum;1;1916.0;Indonesia;IDN
Platysternon megacephalum;1;1916.0;Mexico;MEX
Platysternon megacephalum;1;1916.0;Papua New Guinea;PNG
Platysternon megacephalum;1;1916.0;United States;USA
Plethobasus cooperianus;3;609.0;United States;USA
Plethobasus cooperianus;1;609.0;China;CHN
Plethobasus cooperianus;1;609.0;France;FRA
Plethobasus cooperianus;1;609.0;Spain;ESP
Plethobasus cooperianus;1;609.0;Sweden;SWE
Pongo abelii;5;10626.0;Indonesia;IDN
Pongo abelii;2;10626.0;Malaysia;MYS
Pongo abelii;2;10626.0;United Kingdom;GBR
Pongo abelii;1;10626.0;China;CHN
Pongo abelii;1;10626.0;France;FRA
Pongo abelii;1;10626.0;India;IND
Pongo abelii;1;10626.0;Italy;ITA
Pongo abelii;1;10626.0;Mexico;MEX
Pongo abelii;1;10626.0;Norway;NOR
Pongo abelii;1;10626.0;Serbia;SRB
Pongo abelii;1;10626.0;Singapore;SGP
Pongo abelii;1;10626.0;Spain;ESP
Pongo abelii;1;10626.0;Switzerland;CHE
Pongo abelii;1;10626.0;Tanzania, United Republic of;TZA
Pongo abelii;1;10626.0;Uganda;UGA
Pongo pygmaeus;6;130855.0;Indonesia;IDN
Pongo pygmaeus;3;130855.0;United Kingdom;GBR
Pongo pygmaeus;2;130855.0;United States;USA
Pongo pygmaeus;1;130855.0;Argentina;ARG
Pongo pygmaeus;1;130855.0;Bolivia, Plurinational State of;BOL
Pongo pygmaeus;1;130855.0;Brazil;BRA
Pongo pygmaeus;1;130855.0;Brunei Darussalam;BRN
Pongo pygmaeus;1;130855.0;China;CHN
Pongo pygmaeus;1;130855.0;Colombia;COL
Pongo pygmaeus;1;130855.0;Ecuador;ECU
Pongo pygmaeus;1;130855.0;France;FRA
Pongo pygmaeus;1;130855.0;Germany;DEU
Pongo pygmaeus;1;130855.0;India;IND
Pongo pygmaeus;1;130855.0;Japan;JPN
Pongo pygmaeus;1;130855.0;Madagascar;MDG
Pongo pygmaeus;1;130855.0;Malaysia;MYS
Pongo pygmaeus;1;130855.0;Spain;ESP
Presbytis potenziani;1;300.0;Philippines;PHL
Presbytis potenziani;1;300.0;Syrian Arab Republic;SYR
Priodontes maximus;2;3911.0;Brazil;BRA
Prionailurus planiceps;2;1282.0;Indonesia;IDN
Prionailurus planiceps;1;1282.0;Madagascar;MDG
Prionailurus planiceps;1;1282.0;Malaysia;MYS
Prionailurus planiceps;1;1282.0;Thailand;THA
Pristis microdon;2;5970.0;Australia;AUS
Pristis microdon;2;5970.0;India;IND
Pristis microdon;1;5970.0;Bangladesh;BGD
Pristis microdon;1;5970.0;Brazil;BRA
Pristis microdon;1;5970.0;China;CHN
Pristis microdon;1;5970.0;Costa Rica;CRI
Pristis microdon;1;5970.0;Mexico;MEX
Pristis microdon;1;5970.0;Netherlands;NLD
Pristis microdon;1;5970.0;Nicaragua;NIC
Pristis zijsron;1;2346.0;Australia;AUS
Pristis zijsron;1;2346.0;Brazil;BRA
Pristis zijsron;1;2346.0;Mexico;MEX
Probosciger aterrimus;4;3928.0;Australia;AUS
Probosciger aterrimus;3;3928.0;China;CHN
Probosciger aterrimus;2;3928.0;Germany;DEU
Probosciger aterrimus;2;3928.0;United States;USA
Probosciger aterrimus;1;3928.0;Brazil;BRA
Probosciger aterrimus;1;3928.0;Colombia;COL
Probosciger aterrimus;1;3928.0;Czechia;CZE
Probosciger aterrimus;1;3928.0;France;FRA
Probosciger aterrimus;1;3928.0;Georgia;GEO
Probosciger aterrimus;1;3928.0;Guinea;GIN
Probosciger aterrimus;1;3928.0;Hungary;HUN
Probosciger aterrimus;1;3928.0;Indonesia;IDN
Probosciger aterrimus;1;3928.0;Japan;JPN
Probosciger aterrimus;1;3928.0;Kenya;KEN
Probosciger aterrimus;1;3928.0;Papua New Guinea;PNG
Probosciger aterrimus;1;3928.0;Russian Federation;RUS
Probosciger aterrimus;1;3928.0;South Africa;ZAF
Probosciger aterrimus;1;3928.0;Spain;ESP
Propithecus coquereli;2;2604.0;Kenya;KEN
Propithecus coquereli;1;2604.0;Botswana;BWA
Propithecus coquereli;1;2604.0;Madagascar;MDG
Propithecus coquereli;1;2604.0;South Africa;ZAF
Propithecus coquereli;1;2604.0;Tanzania, United Republic of;TZA
Propithecus coquereli;1;2604.0;Zimbabwe;ZWE
Propithecus diadema;2;637.0;United States;USA
Propithecus diadema;1;637.0;Madagascar;MDG
Propithecus verreauxi;3;1709.0;United States;USA
Propithecus verreauxi;2;1709.0;Germany;DEU
Propithecus verreauxi;1;1709.0;Austria;AUT
Propithecus verreauxi;1;1709.0;China;CHN
Propithecus verreauxi;1;1709.0;Madagascar;MDG
Propithecus verreauxi;1;1709.0;United Kingdom;GBR
Psephotus chrysopterygius;1;2264.0;Australia;AUS
Psephotus chrysopterygius;1;2264.0;Ireland;IRL
Psephotus pulcherrimus;1;2147.0;Australia;AUS
Psephotus pulcherrimus;1;2147.0;Bhutan;BTN
Psephotus pulcherrimus;1;2147.0;Ecuador;ECU
Psephotus pulcherrimus;1;2147.0;Palau;PLW
Psephotus pulcherrimus;1;2147.0;United States;USA
Pseudemydura umbrina;1;1713.0;Australia;AUS
Pseudoryx nghetinhensis;3;5774.0;Cambodia;KHM
Pseudoryx nghetinhensis;3;5774.0;Viet Nam;VNM
Pseudoryx nghetinhensis;2;5774.0;Indonesia;IDN
Pseudoryx nghetinhensis;2;5774.0;Lao People's Democratic Republic;LAO
Pseudoryx nghetinhensis;2;5774.0;Malaysia;MYS
Pseudoryx nghetinhensis;2;5774.0;Myanmar;MMR
Pseudoryx nghetinhensis;2;5774.0;Thailand;THA
Pseudoryx nghetinhensis;1;5774.0;Ecuador;ECU
Pseudoryx nghetinhensis;1;5774.0;Madagascar;MDG
Pseudoryx nghetinhensis;1;5774.0;Philippines;PHL
Pseudoryx nghetinhensis;1;5774.0;Singapore;SGP
Pseudoryx nghetinhensis;1;5774.0;United States;USA
Psittacula echo;1;342.0;Australia;AUS
Psittacula echo;1;342.0;Bangladesh;BGD
Psittacula echo;1;342.0;Gambia;GMB
Psittacula echo;1;342.0;Japan;JPN
Psittacula echo;1;342.0;Nigeria;NGA
Psittacula echo;1;342.0;Pakistan;PAK
Psittacula echo;1;342.0;South Africa;ZAF
Psittacula echo;1;342.0;Taiwan, Province of China;TWN
Psittacula echo;1;342.0;United Kingdom;GBR
Psittacula echo;1;342.0;United States;USA
Psittacula echo;1;342.0;Viet Nam;VNM
Psittacus erithacus;2;3896.0;Congo;COG
Psittacus erithacus;2;3896.0;Congo, The Democratic Republic of the;COD
Psittacus erithacus;2;3896.0;Côte d'Ivoire;CIV
Psittacus erithacus;2;3896.0;South Africa;ZAF
Psittacus erithacus;2;3896.0;United States;USA
Psittacus erithacus;1;3896.0;Bolivia, Plurinational State of;BOL
Psittacus erithacus;1;3896.0;Botswana;BWA
Psittacus erithacus;1;3896.0;Cameroon;CMR
Psittacus erithacus;1;3896.0;Canada;CAN
Psittacus erithacus;1;3896.0;China;CHN
Psittacus erithacus;1;3896.0;Guinea;GIN
Psittacus erithacus;1;3896.0;India;IND
Psittacus erithacus;1;3896.0;Iran, Islamic Republic of;IRN
Psittacus erithacus;1;3896.0;Kazakhstan;KAZ
Psittacus erithacus;1;3896.0;Kenya;KEN
Psittacus erithacus;1;3896.0;Kuwait;KWT
Psittacus erithacus;1;3896.0;Lao People's Democratic Republic;LAO
Psittacus erithacus;1;3896.0;Liberia;LBR
Psittacus erithacus;1;3896.0;Mauritania;MRT
Psittacus erithacus;1;3896.0;Namibia;NAM
Psittacus erithacus;1;3896.0;Nigeria;NGA
Psittacus erithacus;1;3896.0;Uganda;UGA
Psittacus erithacus;1;3896.0;United Kingdom;GBR
Psittacus erithacus;1;3896.0;Viet Nam;VNM
Psittacus erithacus;1;3896.0;Zimbabwe;ZWE
Pterocnemia pennata;1;1054.0;Argentina;ARG
Pterocnemia pennata;1;1054.0;Chile;CHL
Pterocnemia pennata;1;1054.0;Spain;ESP
Pterocnemia pennata;1;1054.0;United Kingdom;GBR
Pteronura brasiliensis;2;2156.0;Brazil;BRA
Pteronura brasiliensis;1;2156.0;Argentina;ARG
Pteronura brasiliensis;1;2156.0;Chile;CHL
Pteronura brasiliensis;1;2156.0;Paraguay;PRY
Pteronura brasiliensis;1;2156.0;Uruguay;URY
Pteropus mariannus;1;313.0;Australia;AUS
Pteropus mariannus;1;313.0;Guam;GUM
Pteropus mariannus;1;313.0;Panama;PAN
Pteropus mariannus;1;313.0;Papua New Guinea;PNG
Pteropus mariannus;1;313.0;United States;USA
Pudu puda;1;17168.0;Argentina;ARG
Pudu puda;1;17168.0;Australia;AUS
Pudu puda;1;17168.0;Brazil;BRA
Pudu puda;1;17168.0;China;CHN
Pudu puda;1;17168.0;Costa Rica;CRI
Pudu puda;1;17168.0;Honduras;HND
Pudu puda;1;17168.0;India;IND
Pudu puda;1;17168.0;Indonesia;IDN
Pudu puda;1;17168.0;Japan;JPN
Pudu puda;1;17168.0;Kazakhstan;KAZ
Pudu puda;1;17168.0;Madagascar;MDG
Pudu puda;1;17168.0;Mexico;MEX
Pudu puda;1;17168.0;Mongolia;MNG
Pudu puda;1;17168.0;New Zealand;NZL
Pudu puda;1;17168.0;Nicaragua;NIC
Pudu puda;1;17168.0;Panama;PAN
Pudu puda;1;17168.0;Papua New Guinea;PNG
Pudu puda;1;17168.0;Russian Federation;RUS
Puma concolor;1;27618.0;United States;USA
Pygathrix nemaeus;2;6378.0;Viet Nam;VNM
Pygathrix nemaeus;1;6378.0;Cambodia;KHM
Pygathrix nemaeus;1;6378.0;Canada;CAN
Pygathrix nemaeus;1;6378.0;Germany;DEU
Pygathrix nemaeus;1;6378.0;Lao People's Democratic Republic;LAO
Pygathrix nemaeus;1;6378.0;Thailand;THA
Pygathrix nemaeus;1;6378.0;United States;USA
Python molurus molurus;1;1469.0;India;IND
Python molurus molurus;1;1469.0;Nepal;NPL
Python molurus molurus;1;1469.0;Pakistan;PAK
Python molurus molurus;1;1469.0;Poland;POL
Python molurus molurus;1;1469.0;Sri Lanka;LKA
Rhinoceros sondaicus;3;7524.0;Indonesia;IDN
Rhinoceros sondaicus;1;7524.0;Australia;AUS
Rhinoceros sondaicus;1;7524.0;China;CHN
Rhinoceros sondaicus;1;7524.0;India;IND
Rhinoceros sondaicus;1;7524.0;Philippines;PHL
Rhinoceros sondaicus;1;7524.0;South Africa;ZAF
Rhinoceros sondaicus;1;7524.0;Viet Nam;VNM
Rhinoceros unicornis;1;10649.0;China;CHN
Rhinoceros unicornis;1;10649.0;India;IND
Rhinoceros unicornis;1;10649.0;Nepal;NPL
Rhinoceros unicornis;1;10649.0;South Africa;ZAF
Rhinopithecus bieti;1;1141.0;China;CHN
Rhinopithecus bieti;1;1141.0;Myanmar;MMR
Rhinopithecus bieti;1;1141.0;Viet Nam;VNM
Rhinopithecus strykeri;2;1804.0;China;CHN
Rhinopithecus strykeri;2;1804.0;Myanmar;MMR
Rhinopithecus strykeri;1;1804.0;Malaysia;MYS
Rhinopithecus strykeri;1;1804.0;Viet Nam;VNM
Rhinoplax vigil;12;17789.0;China;CHN
Rhinoplax vigil;9;17789.0;Indonesia;IDN
Rhinoplax vigil;6;17789.0;Malaysia;MYS
Rhinoplax vigil;6;17789.0;United States;USA
Rhinoplax vigil;5;17789.0;Thailand;THA
Rhinoplax vigil;3;17789.0;Taiwan, Province of China;TWN
Rhinoplax vigil;2;17789.0;Hong Kong;HKG
Rhinoplax vigil;2;17789.0;India;IND
Rhinoplax vigil;2;17789.0;Singapore;SGP
Rhinoplax vigil;2;17789.0;United Kingdom;GBR
Rhinoplax vigil;2;17789.0;Viet Nam;VNM
Rhinoplax vigil;1;17789.0;Bangladesh;BGD
Rhinoplax vigil;1;17789.0;Botswana;BWA
Rhinoplax vigil;1;17789.0;Brunei Darussalam;BRN
Rhinoplax vigil;1;17789.0;Cambodia;KHM
Rhinoplax vigil;1;17789.0;Korea, Democratic People's Republic of;PRK
Rhinoplax vigil;1;17789.0;Lao People's Democratic Republic;LAO
Rhinoplax vigil;1;17789.0;Myanmar;MMR
Rhinoplax vigil;1;17789.0;Nepal;NPL
Rhinoplax vigil;1;17789.0;Philippines;PHL
Rhinoplax vigil;1;17789.0;South Africa;ZAF
Rhodonessa caryophyllacea;2;4927.0;India;IND
Rhodonessa caryophyllacea;2;4927.0;Indonesia;IDN
Rhodonessa caryophyllacea;2;4927.0;Myanmar;MMR
Rhodonessa caryophyllacea;1;4927.0;Guatemala;GTM
Rhynochetos jubatus;1;328.0;New Zealand;NZL
Rhynochetos jubatus;1;328.0;Samoa;WSM
Rucervus eldii;1;2969.0;Bhutan;BTN
Rucervus eldii;1;2969.0;Brazil;BRA
Rucervus eldii;1;2969.0;Cambodia;KHM
Rucervus eldii;1;2969.0;China;CHN
Rucervus eldii;1;2969.0;India;IND
Rucervus eldii;1;2969.0;Indonesia;IDN
Rucervus eldii;1;2969.0;Lao People's Democratic Republic;LAO
Rucervus eldii;1;2969.0;Nepal;NPL
Rucervus eldii;1;2969.0;Thailand;THA
Saguinus bicolor;2;1333.0;China;CHN
Saguinus bicolor;1;1333.0;Afghanistan;AFG
Saguinus bicolor;1;1333.0;India;IND
Saguinus bicolor;1;1333.0;Mexico;MEX
Saguinus bicolor;1;1333.0;Mongolia;MNG
Saguinus bicolor;1;1333.0;Nepal;NPL
Saguinus bicolor;1;1333.0;Pakistan;PAK
Saguinus bicolor;1;1333.0;Portugal;PRT
Saguinus bicolor;1;1333.0;Russian Federation;RUS
Saguinus bicolor;1;1333.0;Spain;ESP
Saguinus bicolor;1;1333.0;United States;USA
Saguinus leucopus;1;753.0;Canada;CAN
Saguinus leucopus;1;753.0;Colombia;COL
Saguinus leucopus;1;753.0;France;FRA
Saguinus leucopus;1;753.0;Israel;ISR
Saguinus leucopus;1;753.0;Italy;ITA
Saguinus leucopus;1;753.0;Mexico;MEX
Saguinus leucopus;1;753.0;Netherlands;NLD
Saguinus leucopus;1;753.0;United Kingdom;GBR
Semnopithecus entellus;2;30999.0;India;IND
Semnopithecus entellus;2;30999.0;United States;USA
Semnopithecus entellus;1;30999.0;Ireland;IRL
Semnopithecus entellus;1;30999.0;Pakistan;PAK
Semnopithecus entellus;1;30999.0;United Kingdom;GBR
Semnopithecus hector;4;5815.0;India;IND
Semnopithecus hector;3;5815.0;Australia;AUS
Semnopithecus hector;3;5815.0;Czechia;CZE
Semnopithecus hector;3;5815.0;Germany;DEU
Semnopithecus hector;3;5815.0;Madagascar;MDG
Semnopithecus hector;2;5815.0;China;CHN
Semnopithecus hector;2;5815.0;Indonesia;IDN
Semnopithecus hector;2;5815.0;Mexico;MEX
Semnopithecus hector;2;5815.0;Poland;POL
Semnopithecus hector;2;5815.0;Russian Federation;RUS
Semnopithecus hector;1;5815.0;Brazil;BRA
Semnopithecus hector;1;5815.0;Cambodia;KHM
Semnopithecus hector;1;5815.0;Colombia;COL
Semnopithecus hector;1;5815.0;Congo;COG
Semnopithecus hector;1;5815.0;Ethiopia;ETH
Semnopithecus hector;1;5815.0;France;FRA
Semnopithecus hector;1;5815.0;Guinea;GIN
Semnopithecus hector;1;5815.0;Hungary;HUN
Semnopithecus hector;1;5815.0;Jersey;JEY
Semnopithecus hector;1;5815.0;New Zealand;NZL
Semnopithecus hector;1;5815.0;Norway;NOR
Semnopithecus hector;1;5815.0;Peru;PER
Semnopithecus hector;1;5815.0;Tanzania, United Republic of;TZA
Semnopithecus hector;1;5815.0;Turkey;TUR
Semnopithecus hector;1;5815.0;Zimbabwe;ZWE
Shinisaurus crocodilurus;1;1911.0;China;CHN
Shinisaurus crocodilurus;1;1911.0;Germany;DEU
Shinisaurus crocodilurus;1;1911.0;Madagascar;MDG
Shinisaurus crocodilurus;1;1911.0;Viet Nam;VNM
Simias concolor;2;863.0;Brazil;BRA
Simias concolor;2;863.0;China;CHN
Simias concolor;2;863.0;Colombia;COL
Simias concolor;2;863.0;Congo, The Democratic Republic of the;COD
Simias concolor;2;863.0;Ecuador;ECU
Simias concolor;2;863.0;Ghana;GHA
Simias concolor;2;863.0;India;IND
Simias concolor;2;863.0;Indonesia;IDN
Simias concolor;2;863.0;Madagascar;MDG
Simias concolor;2;863.0;Sri Lanka;LKA
Simias concolor;2;863.0;Tanzania, United Republic of;TZA
Simias concolor;2;863.0;Viet Nam;VNM
Simias concolor;1;863.0;Bhutan;BTN
Simias concolor;1;863.0;Cameroon;CMR
Simias concolor;1;863.0;Costa Rica;CRI
Simias concolor;1;863.0;El Salvador;SLV
Simias concolor;1;863.0;Guatemala;GTM
Simias concolor;1;863.0;Honduras;HND
Simias concolor;1;863.0;Kenya;KEN
Simias concolor;1;863.0;Malaysia;MYS
Simias concolor;1;863.0;Mexico;MEX
Simias concolor;1;863.0;Nicaragua;NIC
Simias concolor;1;863.0;Nigeria;NGA
Simias concolor;1;863.0;Panama;PAN
Simias concolor;1;863.0;Peru;PER
Simias concolor;1;863.0;Philippines;PHL
Simias concolor;1;863.0;Venezuela, Bolivarian Republic of;VEN
Sotalia fluviatilis;1;11927.0;Australia;AUS
Sotalia fluviatilis;1;11927.0;Brazil;BRA
Sotalia fluviatilis;1;11927.0;France;FRA
Sotalia fluviatilis;1;11927.0;United Kingdom;GBR
Sousa chinensis;2;1247.0;Hong Kong;HKG
Sousa chinensis;1;1247.0;China;CHN
Sousa plumbea;1;1302.0;China;CHN
Sousa plumbea;1;1302.0;Kenya;KEN
Sousa plumbea;1;1302.0;Mozambique;MOZ
Sousa plumbea;1;1302.0;Somalia;SOM
Sousa plumbea;1;1302.0;Tanzania, United Republic of;TZA
Sousa teuszii;1;1319.0;China;CHN
Sousa teuszii;1;1319.0;Mexico;MEX
Sousa teuszii;1;1319.0;New Zealand;NZL
Speothos venaticus;3;5820.0;United States;USA
Speothos venaticus;2;5820.0;United Kingdom;GBR
Speothos venaticus;1;5820.0;Belarus;BLR
Speothos venaticus;1;5820.0;Belgium;BEL
Speothos venaticus;1;5820.0;Brazil;BRA
Speothos venaticus;1;5820.0;Denmark;DNK
Speothos venaticus;1;5820.0;Ecuador;ECU
Speothos venaticus;1;5820.0;Finland;FIN
Speothos venaticus;1;5820.0;Germany;DEU
Speothos venaticus;1;5820.0;India;IND
Speothos venaticus;1;5820.0;Ireland;IRL
Speothos venaticus;1;5820.0;Luxembourg;LUX
Speothos venaticus;1;5820.0;Netherlands;NLD
Speothos venaticus;1;5820.0;Norway;NOR
Speothos venaticus;1;5820.0;Peru;PER
Speothos venaticus;1;5820.0;Russian Federation;RUS
Speothos venaticus;1;5820.0;Sweden;SWE
Speothos venaticus;1;5820.0;Ukraine;UKR
Sphenodon punctatus;2;1753.0;Australia;AUS
Sphenodon punctatus;1;1753.0;Argentina;ARG
Sphenodon punctatus;1;1753.0;Germany;DEU
Sphenodon punctatus;1;1753.0;New Zealand;NZL
Sphenodon punctatus;1;1753.0;South Africa;ZAF
Sphenodon punctatus;1;1753.0;United Kingdom;GBR
Strigops habroptila;12;11771.0;New Zealand;NZL
Strigops habroptila;2;11771.0;Australia;AUS
Strigops habroptila;2;11771.0;Ireland;IRL
Strigops habroptila;1;11771.0;Fiji;FJI
Strigops habroptila;1;11771.0;Namibia;NAM
Strigops habroptila;1;11771.0;Nigeria;NGA
Strigops habroptila;1;11771.0;Somalia;SOM
Strigops habroptila;1;11771.0;Thailand;THA
Strigops habroptila;1;11771.0;United States;USA
Struthio camelus;2;56506.0;Italy;ITA
Struthio camelus;1;56506.0;Egypt;EGY
Struthio camelus;1;56506.0;Israel;ISR
Struthio camelus;1;56506.0;Jordan;JOR
Struthio camelus;1;56506.0;New Caledonia;NCL
Struthio camelus;1;56506.0;New Zealand;NZL
Struthio camelus;1;56506.0;South Africa;ZAF
Struthio camelus;1;56506.0;Syrian Arab Republic;SYR
Struthio camelus;1;56506.0;Turkey;TUR
Sus salvanius;2;1875.0;India;IND
Sus salvanius;2;1875.0;United States;USA
Sus salvanius;1;1875.0;Australia;AUS
Sus salvanius;1;1875.0;Brazil;BRA
Sus salvanius;1;1875.0;Canada;CAN
Sus salvanius;1;1875.0;Indonesia;IDN
Sus salvanius;1;1875.0;Madagascar;MDG
Sus salvanius;1;1875.0;Mauritius;MUS
Sus salvanius;1;1875.0;Poland;POL
Sus salvanius;1;1875.0;South Africa;ZAF
Sus salvanius;1;1875.0;Spain;ESP
Sus salvanius;1;1875.0;Sudan;SDN
Sus salvanius;1;1875.0;Tanzania, United Republic of;TZA
Sus salvanius;1;1875.0;Thailand;THA
Sus salvanius;1;1875.0;United Kingdom;GBR
Tapirus bairdii;4;7471.0;Mexico;MEX
Tapirus bairdii;3;7471.0;Belize;BLZ
Tapirus bairdii;3;7471.0;Colombia;COL
Tapirus bairdii;3;7471.0;Honduras;HND
Tapirus bairdii;2;7471.0;Guatemala;GTM
Tapirus bairdii;2;7471.0;Spain;ESP
Tapirus bairdii;1;7471.0;Bhutan;BTN
Tapirus bairdii;1;7471.0;China;CHN
Tapirus bairdii;1;7471.0;Congo;COG
Tapirus bairdii;1;7471.0;Costa Rica;CRI
Tapirus bairdii;1;7471.0;Dominican Republic;DOM
Tapirus bairdii;1;7471.0;El Salvador;SLV
Tapirus bairdii;1;7471.0;Gabon;GAB
Tapirus bairdii;1;7471.0;India;IND
Tapirus bairdii;1;7471.0;Indonesia;IDN
Tapirus bairdii;1;7471.0;Nepal;NPL
Tapirus bairdii;1;7471.0;New Caledonia;NCL
Tapirus bairdii;1;7471.0;Nicaragua;NIC
Tapirus bairdii;1;7471.0;Panama;PAN
Tapirus bairdii;1;7471.0;Papua New Guinea;PNG
Tapirus bairdii;1;7471.0;Peru;PER
Tapirus bairdii;1;7471.0;Romania;ROU
Tapirus bairdii;1;7471.0;Russian Federation;RUS
Tapirus bairdii;1;7471.0;Tajikistan;TJK
Tapirus bairdii;1;7471.0;Turkey;TUR
Tapirus bairdii;1;7471.0;Uganda;UGA
Tapirus bairdii;1;7471.0;United Kingdom;GBR
Tapirus bairdii;1;7471.0;United States;USA
Tapirus indicus;4;4454.0;Malaysia;MYS
Tapirus indicus;2;4454.0;Indonesia;IDN
Tapirus indicus;2;4454.0;United States;USA
Tapirus indicus;1;4454.0;France;FRA
Tapirus indicus;1;4454.0;Japan;JPN
Tapirus indicus;1;4454.0;Myanmar;MMR
Tapirus indicus;1;4454.0;Thailand;THA
Tapirus indicus;1;4454.0;United Kingdom;GBR
Tapirus pinchaque;1;1036.0;Colombia;COL
Tapirus pinchaque;1;1036.0;United Kingdom;GBR
Telmatobius culeus;1;2744.0;Bolivia, Plurinational State of;BOL
Telmatobius culeus;1;2744.0;Canada;CAN
Telmatobius culeus;1;2744.0;China;CHN
Testudo kleinmanni;1;1051.0;China;CHN
Testudo kleinmanni;1;1051.0;Fiji;FJI
Testudo kleinmanni;1;1051.0;France;FRA
Testudo kleinmanni;1;1051.0;Germany;DEU
Testudo kleinmanni;1;1051.0;Guatemala;GTM
Testudo kleinmanni;1;1051.0;Indonesia;IDN
Testudo kleinmanni;1;1051.0;Netherlands;NLD
Testudo kleinmanni;1;1051.0;Russian Federation;RUS
Testudo kleinmanni;1;1051.0;South Africa;ZAF
Testudo kleinmanni;1;1051.0;Sri Lanka;LKA
Testudo kleinmanni;1;1051.0;Ukraine;UKR
Testudo kleinmanni;1;1051.0;United Kingdom;GBR
Testudo kleinmanni;1;1051.0;Viet Nam;VNM
Totoaba macdonaldi;4;3643.0;China;CHN
Totoaba macdonaldi;4;3643.0;Mexico;MEX
Totoaba macdonaldi;4;3643.0;United States;USA
Totoaba macdonaldi;1;3643.0;Hong Kong;HKG
Totoaba macdonaldi;1;3643.0;Thailand;THA
Trachypithecus geei;1;1718.0;Afghanistan;AFG
Trachypithecus geei;1;1718.0;Bhutan;BTN
Trachypithecus geei;1;1718.0;China;CHN
Trachypithecus geei;1;1718.0;India;IND
Trachypithecus geei;1;1718.0;Myanmar;MMR
Tragopan melanocephalus;1;1039.0;Kenya;KEN
Tragopan melanocephalus;1;1039.0;Sudan;SDN
Tremarctos ornatus;1;9019.0;Canada;CAN
Tremarctos ornatus;1;9019.0;Ecuador;ECU
Tremarctos ornatus;1;9019.0;Mexico;MEX
Tremarctos ornatus;1;9019.0;Peru;PER
Trichechus manatus;7;3249.0;United States;USA
Trichechus manatus;1;3249.0;Brazil;BRA
Tringa guttifer;1;886.0;China;CHN
Tringa guttifer;1;886.0;Malaysia;MYS
Tringa guttifer;1;886.0;Russian Federation;RUS
Tringa guttifer;1;886.0;Thailand;THA
Ursus arctos;1;9616.0;Canada;CAN
Ursus arctos;1;9616.0;United States;USA
Ursus arctos isabellinus;1;4309.0;Iran, Islamic Republic of;IRN
Ursus arctos isabellinus;1;4309.0;Pakistan;PAK
Ursus thibetanus;6;12470.0;United States;USA
Ursus thibetanus;4;12470.0;China;CHN
Ursus thibetanus;2;12470.0;Lao People's Democratic Republic;LAO
Ursus thibetanus;2;12470.0;United Kingdom;GBR
Ursus thibetanus;2;12470.0;Viet Nam;VNM
Ursus thibetanus;1;12470.0;Australia;AUS
Ursus thibetanus;1;12470.0;Canada;CAN
Ursus thibetanus;1;12470.0;France;FRA
Ursus thibetanus;1;12470.0;Hong Kong;HKG
Ursus thibetanus;1;12470.0;Iran, Islamic Republic of;IRN
Ursus thibetanus;1;12470.0;Italy;ITA
Ursus thibetanus;1;12470.0;Korea, Republic of;KOR
Ursus thibetanus;1;12470.0;Malaysia;MYS
Ursus thibetanus;1;12470.0;Mongolia;MNG
Ursus thibetanus;1;12470.0;Namibia;NAM
Ursus thibetanus;1;12470.0;Russian Federation;RUS
Ursus thibetanus;1;12470.0;South Africa;ZAF
Ursus thibetanus;1;12470.0;Spain;ESP
Varanus bengalensis;2;4919.0;India;IND
Varanus bengalensis;2;4919.0;United Kingdom;GBR
Varanus bengalensis;1;4919.0;United States;USA
Varanus komodoensis;1;32703.0;Australia;AUS
Varanus komodoensis;1;32703.0;Indonesia;IDN
Varanus komodoensis;1;32703.0;New Zealand;NZL
Varecia rubra;2;894.0;Madagascar;MDG
Varecia rubra;1;894.0;Australia;AUS
Varecia rubra;1;894.0;Peru;PER
Varecia variegata;2;3185.0;Madagascar;MDG
Varecia variegata;1;3185.0;Australia;AUS
Varecia variegata;1;3185.0;Finland;FIN
Varecia variegata;1;3185.0;United Kingdom;GBR
Varecia variegata;1;3185.0;United States;USA
Vicugna vicugna;1;1523.0;Argentina;ARG
Vicugna vicugna;1;1523.0;Bolivia, Plurinational State of;BOL
Vicugna vicugna;1;1523.0;Chile;CHL
Vicugna vicugna;1;1523.0;Italy;ITA
Vicugna vicugna;1;1523.0;Peru;PER
Vicugna vicugna;1;1523.0;United States;USA
Vultur gryphus;2;2674.0;Argentina;ARG
Vultur gryphus;1;2674.0;Chile;CHL
